INFO:     Started server process [1089291]
INFO:     Waiting for application startup.
INFO:     Application startup complete.
INFO:     Uvicorn running on http://0.0.0.0:18765 (Press CTRL+C to quit)

🔔 团子喵 WebUI 启动中...
   访问: http://127.0.0.1:18765/

INFO:     127.0.0.1:36406 - "GET /api/mail/providers HTTP/1.1" 200 OK
19:38:24 [INFO] http_client: 代理协议已标准化: socks5:// -> socks5h://
19:38:24 [INFO] http_client: 代理协议已标准化: socks5:// -> socks5h://
19:38:24 [INFO] http_client: 代理协议已标准化: socks5:// -> socks5h://
19:38:24 [INFO] http_client: 代理协议已标准化: socks5:// -> socks5h://
19:38:24 [INFO] http_client: 代理协议已标准化: socks5:// -> socks5h://
19:38:24 [INFO] http_client: 代理协议已标准化: socks5:// -> socks5h://
19:38:24 [INFO] http_client: 代理协议已标准化: socks5:// -> socks5h://
19:38:24 [INFO] http_client: 代理协议已标准化: socks5:// -> socks5h://
19:38:24 [INFO] http_client: 代理协议已标准化: socks5:// -> socks5h://
19:38:25 [INFO] proxy_health: 健康检查完成: 9 正常 / 0 异常 / 0 移除（耗时 0.9s）
19:43:25 [INFO] http_client: 代理协议已标准化: socks5:// -> socks5h://
19:43:25 [INFO] http_client: 代理协议已标准化: socks5:// -> socks5h://
19:43:25 [INFO] http_client: 代理协议已标准化: socks5:// -> socks5h://
19:43:25 [INFO] http_client: 代理协议已标准化: socks5:// -> socks5h://
19:43:25 [INFO] http_client: 代理协议已标准化: socks5:// -> socks5h://
19:43:25 [INFO] http_client: 代理协议已标准化: socks5:// -> socks5h://
19:43:25 [INFO] http_client: 代理协议已标准化: socks5:// -> socks5h://
19:43:25 [INFO] http_client: 代理协议已标准化: socks5:// -> socks5h://
19:43:25 [INFO] http_client: 代理协议已标准化: socks5:// -> socks5h://
19:43:25 [INFO] proxy_health: 健康检查完成: 9 正常 / 0 异常 / 0 移除（耗时 0.9s）
19:48:25 [INFO] http_client: 代理协议已标准化: socks5:// -> socks5h://
19:48:25 [INFO] http_client: 代理协议已标准化: socks5:// -> socks5h://
19:48:25 [INFO] http_client: 代理协议已标准化: socks5:// -> socks5h://
19:48:25 [INFO] http_client: 代理协议已标准化: socks5:// -> socks5h://
19:48:25 [INFO] http_client: 代理协议已标准化: socks5:// -> socks5h://
19:48:25 [INFO] http_client: 代理协议已标准化: socks5:// -> socks5h://
19:48:25 [INFO] http_client: 代理协议已标准化: socks5:// -> socks5h://
19:48:25 [INFO] http_client: 代理协议已标准化: socks5:// -> socks5h://
19:48:25 [INFO] http_client: 代理协议已标准化: socks5:// -> socks5h://
19:48:27 [INFO] proxy_health: 健康检查完成: 9 正常 / 0 异常 / 0 移除（耗时 1.3s）
19:53:27 [INFO] http_client: 代理协议已标准化: socks5:// -> socks5h://
19:53:27 [INFO] http_client: 代理协议已标准化: socks5:// -> socks5h://
19:53:27 [INFO] http_client: 代理协议已标准化: socks5:// -> socks5h://
19:53:27 [INFO] http_client: 代理协议已标准化: socks5:// -> socks5h://
19:53:27 [INFO] http_client: 代理协议已标准化: socks5:// -> socks5h://
19:53:27 [INFO] http_client: 代理协议已标准化: socks5:// -> socks5h://
19:53:27 [INFO] http_client: 代理协议已标准化: socks5:// -> socks5h://
19:53:27 [INFO] http_client: 代理协议已标准化: socks5:// -> socks5h://
19:53:27 [INFO] http_client: 代理协议已标准化: socks5:// -> socks5h://
19:53:28 [INFO] proxy_health: 健康检查完成: 9 正常 / 0 异常 / 0 移除（耗时 0.9s）
19:58:28 [INFO] http_client: 代理协议已标准化: socks5:// -> socks5h://
19:58:28 [INFO] http_client: 代理协议已标准化: socks5:// -> socks5h://
19:58:28 [INFO] http_client: 代理协议已标准化: socks5:// -> socks5h://
19:58:28 [INFO] http_client: 代理协议已标准化: socks5:// -> socks5h://
19:58:28 [INFO] http_client: 代理协议已标准化: socks5:// -> socks5h://
19:58:28 [INFO] http_client: 代理协议已标准化: socks5:// -> socks5h://
19:58:28 [INFO] http_client: 代理协议已标准化: socks5:// -> socks5h://
19:58:28 [INFO] http_client: 代理协议已标准化: socks5:// -> socks5h://
19:58:28 [INFO] http_client: 代理协议已标准化: socks5:// -> socks5h://
19:58:29 [INFO] proxy_health: 健康检查完成: 9 正常 / 0 异常 / 0 移除（耗时 0.9s）
20:03:29 [INFO] http_client: 代理协议已标准化: socks5:// -> socks5h://
20:03:29 [INFO] http_client: 代理协议已标准化: socks5:// -> socks5h://
20:03:29 [INFO] http_client: 代理协议已标准化: socks5:// -> socks5h://
20:03:29 [INFO] http_client: 代理协议已标准化: socks5:// -> socks5h://
20:03:29 [INFO] http_client: 代理协议已标准化: socks5:// -> socks5h://
20:03:29 [INFO] http_client: 代理协议已标准化: socks5:// -> socks5h://
20:03:29 [INFO] http_client: 代理协议已标准化: socks5:// -> socks5h://
20:03:29 [INFO] http_client: 代理协议已标准化: socks5:// -> socks5h://
20:03:29 [INFO] http_client: 代理协议已标准化: socks5:// -> socks5h://
20:03:30 [INFO] proxy_health: 健康检查完成: 9 正常 / 0 异常 / 0 移除（耗时 1.2s）
20:08:30 [INFO] http_client: 代理协议已标准化: socks5:// -> socks5h://
20:08:30 [INFO] http_client: 代理协议已标准化: socks5:// -> socks5h://
20:08:30 [INFO] http_client: 代理协议已标准化: socks5:// -> socks5h://
20:08:30 [INFO] http_client: 代理协议已标准化: socks5:// -> socks5h://
20:08:30 [INFO] http_client: 代理协议已标准化: socks5:// -> socks5h://
20:08:30 [INFO] http_client: 代理协议已标准化: socks5:// -> socks5h://
20:08:30 [INFO] http_client: 代理协议已标准化: socks5:// -> socks5h://
20:08:30 [INFO] http_client: 代理协议已标准化: socks5:// -> socks5h://
20:08:30 [INFO] http_client: 代理协议已标准化: socks5:// -> socks5h://
20:08:31 [INFO] proxy_health: 健康检查完成: 9 正常 / 0 异常 / 0 移除（耗时 0.9s）
20:13:31 [INFO] http_client: 代理协议已标准化: socks5:// -> socks5h://
20:13:31 [INFO] http_client: 代理协议已标准化: socks5:// -> socks5h://
20:13:31 [INFO] http_client: 代理协议已标准化: socks5:// -> socks5h://
20:13:31 [INFO] http_client: 代理协议已标准化: socks5:// -> socks5h://
20:13:31 [INFO] http_client: 代理协议已标准化: socks5:// -> socks5h://
20:13:31 [INFO] http_client: 代理协议已标准化: socks5:// -> socks5h://
20:13:31 [INFO] http_client: 代理协议已标准化: socks5:// -> socks5h://
20:13:31 [INFO] http_client: 代理协议已标准化: socks5:// -> socks5h://
20:13:31 [INFO] http_client: 代理协议已标准化: socks5:// -> socks5h://
20:13:32 [INFO] proxy_health: 健康检查完成: 9 正常 / 0 异常 / 0 移除（耗时 1.1s）
20:18:32 [INFO] http_client: 代理协议已标准化: socks5:// -> socks5h://
20:18:32 [INFO] http_client: 代理协议已标准化: socks5:// -> socks5h://
20:18:32 [INFO] http_client: 代理协议已标准化: socks5:// -> socks5h://
20:18:32 [INFO] http_client: 代理协议已标准化: socks5:// -> socks5h://
20:18:32 [INFO] http_client: 代理协议已标准化: socks5:// -> socks5h://
20:18:32 [INFO] http_client: 代理协议已标准化: socks5:// -> socks5h://
20:18:32 [INFO] http_client: 代理协议已标准化: socks5:// -> socks5h://
20:18:32 [INFO] http_client: 代理协议已标准化: socks5:// -> socks5h://
20:18:32 [INFO] http_client: 代理协议已标准化: socks5:// -> socks5h://
20:18:33 [INFO] proxy_health: 健康检查完成: 9 正常 / 0 异常 / 0 移除（耗时 1.1s）
20:23:33 [INFO] http_client: 代理协议已标准化: socks5:// -> socks5h://
20:23:33 [INFO] http_client: 代理协议已标准化: socks5:// -> socks5h://
20:23:33 [INFO] http_client: 代理协议已标准化: socks5:// -> socks5h://
20:23:33 [INFO] http_client: 代理协议已标准化: socks5:// -> socks5h://
20:23:33 [INFO] http_client: 代理协议已标准化: socks5:// -> socks5h://
20:23:33 [INFO] http_client: 代理协议已标准化: socks5:// -> socks5h://
20:23:33 [INFO] http_client: 代理协议已标准化: socks5:// -> socks5h://
20:23:33 [INFO] http_client: 代理协议已标准化: socks5:// -> socks5h://
20:23:33 [INFO] http_client: 代理协议已标准化: socks5:// -> socks5h://
20:23:34 [INFO] proxy_health: 健康检查完成: 9 正常 / 0 异常 / 0 移除（耗时 1.2s）
20:28:34 [INFO] http_client: 代理协议已标准化: socks5:// -> socks5h://
20:28:34 [INFO] http_client: 代理协议已标准化: socks5:// -> socks5h://
20:28:34 [INFO] http_client: 代理协议已标准化: socks5:// -> socks5h://
20:28:34 [INFO] http_client: 代理协议已标准化: socks5:// -> socks5h://
20:28:34 [INFO] http_client: 代理协议已标准化: socks5:// -> socks5h://
20:28:34 [INFO] http_client: 代理协议已标准化: socks5:// -> socks5h://
20:28:34 [INFO] http_client: 代理协议已标准化: socks5:// -> socks5h://
20:28:34 [INFO] http_client: 代理协议已标准化: socks5:// -> socks5h://
20:28:34 [INFO] http_client: 代理协议已标准化: socks5:// -> socks5h://
20:28:35 [INFO] proxy_health: 健康检查完成: 9 正常 / 0 异常 / 0 移除（耗时 0.9s）
20:33:35 [INFO] http_client: 代理协议已标准化: socks5:// -> socks5h://
20:33:35 [INFO] http_client: 代理协议已标准化: socks5:// -> socks5h://
20:33:35 [INFO] http_client: 代理协议已标准化: socks5:// -> socks5h://
20:33:35 [INFO] http_client: 代理协议已标准化: socks5:// -> socks5h://
20:33:35 [INFO] http_client: 代理协议已标准化: socks5:// -> socks5h://
20:33:35 [INFO] http_client: 代理协议已标准化: socks5:// -> socks5h://
20:33:35 [INFO] http_client: 代理协议已标准化: socks5:// -> socks5h://
20:33:35 [INFO] http_client: 代理协议已标准化: socks5:// -> socks5h://
20:33:35 [INFO] http_client: 代理协议已标准化: socks5:// -> socks5h://
20:33:36 [INFO] proxy_health: 健康检查完成: 9 正常 / 0 异常 / 0 移除（耗时 1.1s）
20:38:36 [INFO] http_client: 代理协议已标准化: socks5:// -> socks5h://
20:38:36 [INFO] http_client: 代理协议已标准化: socks5:// -> socks5h://
20:38:36 [INFO] http_client: 代理协议已标准化: socks5:// -> socks5h://
20:38:36 [INFO] http_client: 代理协议已标准化: socks5:// -> socks5h://
20:38:36 [INFO] http_client: 代理协议已标准化: socks5:// -> socks5h://
20:38:36 [INFO] http_client: 代理协议已标准化: socks5:// -> socks5h://
20:38:36 [INFO] http_client: 代理协议已标准化: socks5:// -> socks5h://
20:38:36 [INFO] http_client: 代理协议已标准化: socks5:// -> socks5h://
20:38:36 [INFO] http_client: 代理协议已标准化: socks5:// -> socks5h://
20:38:37 [INFO] proxy_health: 健康检查完成: 9 正常 / 0 异常 / 0 移除（耗时 0.9s）
20:43:37 [INFO] http_client: 代理协议已标准化: socks5:// -> socks5h://
20:43:37 [INFO] http_client: 代理协议已标准化: socks5:// -> socks5h://
20:43:37 [INFO] http_client: 代理协议已标准化: socks5:// -> socks5h://
20:43:37 [INFO] http_client: 代理协议已标准化: socks5:// -> socks5h://
20:43:37 [INFO] http_client: 代理协议已标准化: socks5:// -> socks5h://
20:43:37 [INFO] http_client: 代理协议已标准化: socks5:// -> socks5h://
20:43:37 [INFO] http_client: 代理协议已标准化: socks5:// -> socks5h://
20:43:37 [INFO] http_client: 代理协议已标准化: socks5:// -> socks5h://
20:43:37 [INFO] http_client: 代理协议已标准化: socks5:// -> socks5h://
20:43:38 [INFO] proxy_health: 健康检查完成: 9 正常 / 0 异常 / 0 移除（耗时 1.4s）
20:48:38 [INFO] http_client: 代理协议已标准化: socks5:// -> socks5h://
20:48:38 [INFO] http_client: 代理协议已标准化: socks5:// -> socks5h://
20:48:38 [INFO] http_client: 代理协议已标准化: socks5:// -> socks5h://
20:48:38 [INFO] http_client: 代理协议已标准化: socks5:// -> socks5h://
20:48:38 [INFO] http_client: 代理协议已标准化: socks5:// -> socks5h://
20:48:38 [INFO] http_client: 代理协议已标准化: socks5:// -> socks5h://
20:48:38 [INFO] http_client: 代理协议已标准化: socks5:// -> socks5h://
20:48:38 [INFO] http_client: 代理协议已标准化: socks5:// -> socks5h://
20:48:38 [INFO] http_client: 代理协议已标准化: socks5:// -> socks5h://
20:48:39 [INFO] proxy_health: 健康检查完成: 9 正常 / 0 异常 / 0 移除（耗时 0.9s）
20:53:39 [INFO] http_client: 代理协议已标准化: socks5:// -> socks5h://
20:53:39 [INFO] http_client: 代理协议已标准化: socks5:// -> socks5h://
20:53:39 [INFO] http_client: 代理协议已标准化: socks5:// -> socks5h://
20:53:39 [INFO] http_client: 代理协议已标准化: socks5:// -> socks5h://
20:53:39 [INFO] http_client: 代理协议已标准化: socks5:// -> socks5h://
20:53:39 [INFO] http_client: 代理协议已标准化: socks5:// -> socks5h://
20:53:39 [INFO] http_client: 代理协议已标准化: socks5:// -> socks5h://
20:53:39 [INFO] http_client: 代理协议已标准化: socks5:// -> socks5h://
20:53:39 [INFO] http_client: 代理协议已标准化: socks5:// -> socks5h://
20:53:40 [INFO] proxy_health: 健康检查完成: 9 正常 / 0 异常 / 0 移除（耗时 1.1s）
20:58:40 [INFO] http_client: 代理协议已标准化: socks5:// -> socks5h://
20:58:40 [INFO] http_client: 代理协议已标准化: socks5:// -> socks5h://
20:58:40 [INFO] http_client: 代理协议已标准化: socks5:// -> socks5h://
20:58:40 [INFO] http_client: 代理协议已标准化: socks5:// -> socks5h://
20:58:40 [INFO] http_client: 代理协议已标准化: socks5:// -> socks5h://
20:58:40 [INFO] http_client: 代理协议已标准化: socks5:// -> socks5h://
20:58:40 [INFO] http_client: 代理协议已标准化: socks5:// -> socks5h://
20:58:40 [INFO] http_client: 代理协议已标准化: socks5:// -> socks5h://
20:58:40 [INFO] http_client: 代理协议已标准化: socks5:// -> socks5h://
20:58:45 [INFO] proxy_health: 健康检查完成: 9 正常 / 0 异常 / 0 移除（耗时 4.8s）
21:03:45 [INFO] http_client: 代理协议已标准化: socks5:// -> socks5h://
21:03:45 [INFO] http_client: 代理协议已标准化: socks5:// -> socks5h://
21:03:45 [INFO] http_client: 代理协议已标准化: socks5:// -> socks5h://
21:03:45 [INFO] http_client: 代理协议已标准化: socks5:// -> socks5h://
21:03:45 [INFO] http_client: 代理协议已标准化: socks5:// -> socks5h://
21:03:45 [INFO] http_client: 代理协议已标准化: socks5:// -> socks5h://
21:03:45 [INFO] http_client: 代理协议已标准化: socks5:// -> socks5h://
21:03:45 [INFO] http_client: 代理协议已标准化: socks5:// -> socks5h://
21:03:45 [INFO] http_client: 代理协议已标准化: socks5:// -> socks5h://
21:03:46 [INFO] proxy_health: 健康检查完成: 9 正常 / 0 异常 / 0 移除（耗时 1.0s）
21:08:46 [INFO] http_client: 代理协议已标准化: socks5:// -> socks5h://
21:08:46 [INFO] http_client: 代理协议已标准化: socks5:// -> socks5h://
21:08:46 [INFO] http_client: 代理协议已标准化: socks5:// -> socks5h://
21:08:46 [INFO] http_client: 代理协议已标准化: socks5:// -> socks5h://
21:08:46 [INFO] http_client: 代理协议已标准化: socks5:// -> socks5h://
21:08:46 [INFO] http_client: 代理协议已标准化: socks5:// -> socks5h://
21:08:46 [INFO] http_client: 代理协议已标准化: socks5:// -> socks5h://
21:08:46 [INFO] http_client: 代理协议已标准化: socks5:// -> socks5h://
21:08:46 [INFO] http_client: 代理协议已标准化: socks5:// -> socks5h://
21:08:47 [INFO] proxy_health: 健康检查完成: 9 正常 / 0 异常 / 0 移除（耗时 1.1s）
21:13:47 [INFO] http_client: 代理协议已标准化: socks5:// -> socks5h://
21:13:47 [INFO] http_client: 代理协议已标准化: socks5:// -> socks5h://
21:13:47 [INFO] http_client: 代理协议已标准化: socks5:// -> socks5h://
21:13:47 [INFO] http_client: 代理协议已标准化: socks5:// -> socks5h://
21:13:47 [INFO] http_client: 代理协议已标准化: socks5:// -> socks5h://
21:13:47 [INFO] http_client: 代理协议已标准化: socks5:// -> socks5h://
21:13:47 [INFO] http_client: 代理协议已标准化: socks5:// -> socks5h://
21:13:47 [INFO] http_client: 代理协议已标准化: socks5:// -> socks5h://
21:13:47 [INFO] http_client: 代理协议已标准化: socks5:// -> socks5h://
21:13:47 [INFO] http_client: 代理协议已标准化: socks5:// -> socks5h://
21:13:48 [INFO] proxy_health: 健康检查完成: 10 正常 / 1 异常 / 0 移除（耗时 1.0s）
21:18:48 [INFO] http_client: 代理协议已标准化: socks5:// -> socks5h://
21:18:48 [INFO] http_client: 代理协议已标准化: socks5:// -> socks5h://
21:18:48 [INFO] http_client: 代理协议已标准化: socks5:// -> socks5h://
21:18:48 [INFO] http_client: 代理协议已标准化: socks5:// -> socks5h://
21:18:48 [INFO] http_client: 代理协议已标准化: socks5:// -> socks5h://
21:18:48 [INFO] http_client: 代理协议已标准化: socks5:// -> socks5h://
21:18:48 [INFO] http_client: 代理协议已标准化: socks5:// -> socks5h://
21:18:48 [INFO] http_client: 代理协议已标准化: socks5:// -> socks5h://
21:18:48 [INFO] http_client: 代理协议已标准化: socks5:// -> socks5h://
21:18:48 [INFO] http_client: 代理协议已标准化: socks5:// -> socks5h://
21:18:51 [INFO] proxy_health: 健康检查完成: 10 正常 / 0 异常 / 0 移除（耗时 3.0s）
21:23:51 [INFO] http_client: 代理协议已标准化: socks5:// -> socks5h://
21:23:51 [INFO] http_client: 代理协议已标准化: socks5:// -> socks5h://
21:23:51 [INFO] http_client: 代理协议已标准化: socks5:// -> socks5h://
21:23:51 [INFO] http_client: 代理协议已标准化: socks5:// -> socks5h://
21:23:51 [INFO] http_client: 代理协议已标准化: socks5:// -> socks5h://
21:23:51 [INFO] http_client: 代理协议已标准化: socks5:// -> socks5h://
21:23:51 [INFO] http_client: 代理协议已标准化: socks5:// -> socks5h://
21:23:51 [INFO] http_client: 代理协议已标准化: socks5:// -> socks5h://
21:23:51 [INFO] http_client: 代理协议已标准化: socks5:// -> socks5h://
21:23:51 [INFO] http_client: 代理协议已标准化: socks5:// -> socks5h://
21:23:51 [INFO] http_client: 代理协议已标准化: socks5:// -> socks5h://
21:23:52 [INFO] proxy_health: 健康检查完成: 10 正常 / 1 异常 / 0 移除（耗时 1.1s）
21:28:52 [INFO] http_client: 代理协议已标准化: socks5:// -> socks5h://
21:28:52 [INFO] http_client: 代理协议已标准化: socks5:// -> socks5h://
21:28:52 [INFO] http_client: 代理协议已标准化: socks5:// -> socks5h://
21:28:52 [INFO] http_client: 代理协议已标准化: socks5:// -> socks5h://
21:28:52 [INFO] http_client: 代理协议已标准化: socks5:// -> socks5h://
21:28:52 [INFO] http_client: 代理协议已标准化: socks5:// -> socks5h://
21:28:52 [INFO] http_client: 代理协议已标准化: socks5:// -> socks5h://
21:28:52 [INFO] http_client: 代理协议已标准化: socks5:// -> socks5h://
21:28:52 [INFO] http_client: 代理协议已标准化: socks5:// -> socks5h://
21:28:53 [INFO] http_client: 代理协议已标准化: socks5:// -> socks5h://
21:28:54 [INFO] proxy_health: 健康检查完成: 10 正常 / 0 异常 / 0 移除（耗时 1.1s）
21:33:54 [INFO] http_client: 代理协议已标准化: socks5:// -> socks5h://
21:33:54 [INFO] http_client: 代理协议已标准化: socks5:// -> socks5h://
21:33:54 [INFO] http_client: 代理协议已标准化: socks5:// -> socks5h://
21:33:54 [INFO] http_client: 代理协议已标准化: socks5:// -> socks5h://
21:33:54 [INFO] http_client: 代理协议已标准化: socks5:// -> socks5h://
21:33:54 [INFO] http_client: 代理协议已标准化: socks5:// -> socks5h://
21:33:54 [INFO] http_client: 代理协议已标准化: socks5:// -> socks5h://
21:33:54 [INFO] http_client: 代理协议已标准化: socks5:// -> socks5h://
21:33:54 [INFO] http_client: 代理协议已标准化: socks5:// -> socks5h://
21:33:54 [INFO] http_client: 代理协议已标准化: socks5:// -> socks5h://
21:33:55 [INFO] proxy_health: 健康检查完成: 10 正常 / 0 异常 / 0 移除（耗时 1.1s）
21:34:26 [INFO] http_client: 代理协议已标准化: socks5:// -> socks5h://
INFO:     127.0.0.1:48748 - "POST /api/proxy/test HTTP/1.1" 200 OK
21:38:55 [INFO] http_client: 代理协议已标准化: socks5:// -> socks5h://
21:38:55 [INFO] http_client: 代理协议已标准化: socks5:// -> socks5h://
21:38:55 [INFO] http_client: 代理协议已标准化: socks5:// -> socks5h://
21:38:55 [INFO] http_client: 代理协议已标准化: socks5:// -> socks5h://
21:38:55 [INFO] http_client: 代理协议已标准化: socks5:// -> socks5h://
21:38:55 [INFO] http_client: 代理协议已标准化: socks5:// -> socks5h://
21:38:55 [INFO] http_client: 代理协议已标准化: socks5:// -> socks5h://
21:38:55 [INFO] http_client: 代理协议已标准化: socks5:// -> socks5h://
21:38:55 [INFO] http_client: 代理协议已标准化: socks5:// -> socks5h://
21:38:55 [INFO] http_client: 代理协议已标准化: socks5:// -> socks5h://
21:38:56 [INFO] proxy_health: 健康检查完成: 10 正常 / 0 异常 / 0 移除（耗时 1.1s）
21:43:56 [INFO] http_client: 代理协议已标准化: socks5:// -> socks5h://
21:43:56 [INFO] http_client: 代理协议已标准化: socks5:// -> socks5h://
21:43:56 [INFO] http_client: 代理协议已标准化: socks5:// -> socks5h://
21:43:56 [INFO] http_client: 代理协议已标准化: socks5:// -> socks5h://
21:43:56 [INFO] http_client: 代理协议已标准化: socks5:// -> socks5h://
21:43:56 [INFO] http_client: 代理协议已标准化: socks5:// -> socks5h://
21:43:56 [INFO] http_client: 代理协议已标准化: socks5:// -> socks5h://
21:43:56 [INFO] http_client: 代理协议已标准化: socks5:// -> socks5h://
21:43:56 [INFO] http_client: 代理协议已标准化: socks5:// -> socks5h://
21:43:56 [INFO] http_client: 代理协议已标准化: socks5:// -> socks5h://
21:43:57 [INFO] proxy_health: 健康检查完成: 10 正常 / 0 异常 / 0 移除（耗时 1.0s）
21:48:57 [INFO] http_client: 代理协议已标准化: socks5:// -> socks5h://
21:48:57 [INFO] http_client: 代理协议已标准化: socks5:// -> socks5h://
21:48:57 [INFO] http_client: 代理协议已标准化: socks5:// -> socks5h://
21:48:57 [INFO] http_client: 代理协议已标准化: socks5:// -> socks5h://
21:48:57 [INFO] http_client: 代理协议已标准化: socks5:// -> socks5h://
21:48:57 [INFO] http_client: 代理协议已标准化: socks5:// -> socks5h://
21:48:57 [INFO] http_client: 代理协议已标准化: socks5:// -> socks5h://
21:48:57 [INFO] http_client: 代理协议已标准化: socks5:// -> socks5h://
21:48:57 [INFO] http_client: 代理协议已标准化: socks5:// -> socks5h://
21:48:57 [INFO] http_client: 代理协议已标准化: socks5:// -> socks5h://
21:48:58 [INFO] proxy_health: 健康检查完成: 10 正常 / 0 异常 / 0 移除（耗时 1.0s）
21:53:58 [INFO] http_client: 代理协议已标准化: socks5:// -> socks5h://
21:53:58 [INFO] http_client: 代理协议已标准化: socks5:// -> socks5h://
21:53:58 [INFO] http_client: 代理协议已标准化: socks5:// -> socks5h://
21:53:58 [INFO] http_client: 代理协议已标准化: socks5:// -> socks5h://
21:53:58 [INFO] http_client: 代理协议已标准化: socks5:// -> socks5h://
21:53:58 [INFO] http_client: 代理协议已标准化: socks5:// -> socks5h://
21:53:58 [INFO] http_client: 代理协议已标准化: socks5:// -> socks5h://
21:53:58 [INFO] http_client: 代理协议已标准化: socks5:// -> socks5h://
21:53:58 [INFO] http_client: 代理协议已标准化: socks5:// -> socks5h://
21:53:58 [INFO] http_client: 代理协议已标准化: socks5:// -> socks5h://
21:54:06 [INFO] proxy_health: 健康检查完成: 9 正常 / 1 异常 / 0 移除（耗时 8.0s）
21:59:06 [INFO] http_client: 代理协议已标准化: socks5:// -> socks5h://
21:59:06 [INFO] http_client: 代理协议已标准化: socks5:// -> socks5h://
21:59:06 [INFO] http_client: 代理协议已标准化: socks5:// -> socks5h://
21:59:06 [INFO] http_client: 代理协议已标准化: socks5:// -> socks5h://
21:59:06 [INFO] http_client: 代理协议已标准化: socks5:// -> socks5h://
21:59:06 [INFO] http_client: 代理协议已标准化: socks5:// -> socks5h://
21:59:06 [INFO] http_client: 代理协议已标准化: socks5:// -> socks5h://
21:59:06 [INFO] http_client: 代理协议已标准化: socks5:// -> socks5h://
21:59:06 [INFO] http_client: 代理协议已标准化: socks5:// -> socks5h://
21:59:07 [INFO] proxy_health: 健康检查完成: 9 正常 / 0 异常 / 0 移除（耗时 1.0s）
22:04:07 [INFO] http_client: 代理协议已标准化: socks5:// -> socks5h://
22:04:07 [INFO] http_client: 代理协议已标准化: socks5:// -> socks5h://
22:04:07 [INFO] http_client: 代理协议已标准化: socks5:// -> socks5h://
22:04:07 [INFO] http_client: 代理协议已标准化: socks5:// -> socks5h://
22:04:07 [INFO] http_client: 代理协议已标准化: socks5:// -> socks5h://
22:04:07 [INFO] http_client: 代理协议已标准化: socks5:// -> socks5h://
22:04:07 [INFO] http_client: 代理协议已标准化: socks5:// -> socks5h://
22:04:07 [INFO] http_client: 代理协议已标准化: socks5:// -> socks5h://
22:04:07 [INFO] http_client: 代理协议已标准化: socks5:// -> socks5h://
22:04:08 [INFO] proxy_health: 健康检查完成: 9 正常 / 0 异常 / 0 移除（耗时 1.0s）
22:09:08 [INFO] http_client: 代理协议已标准化: socks5:// -> socks5h://
22:09:08 [INFO] http_client: 代理协议已标准化: socks5:// -> socks5h://
22:09:08 [INFO] http_client: 代理协议已标准化: socks5:// -> socks5h://
22:09:08 [INFO] http_client: 代理协议已标准化: socks5:// -> socks5h://
22:09:08 [INFO] http_client: 代理协议已标准化: socks5:// -> socks5h://
22:09:08 [INFO] http_client: 代理协议已标准化: socks5:// -> socks5h://
22:09:08 [INFO] http_client: 代理协议已标准化: socks5:// -> socks5h://
22:09:08 [INFO] http_client: 代理协议已标准化: socks5:// -> socks5h://
22:09:08 [INFO] http_client: 代理协议已标准化: socks5:// -> socks5h://
22:09:09 [INFO] proxy_health: 健康检查完成: 9 正常 / 0 异常 / 0 移除（耗时 1.4s）
22:14:09 [INFO] http_client: 代理协议已标准化: socks5:// -> socks5h://
22:14:09 [INFO] http_client: 代理协议已标准化: socks5:// -> socks5h://
22:14:09 [INFO] http_client: 代理协议已标准化: socks5:// -> socks5h://
22:14:09 [INFO] http_client: 代理协议已标准化: socks5:// -> socks5h://
22:14:09 [INFO] http_client: 代理协议已标准化: socks5:// -> socks5h://
22:14:09 [INFO] http_client: 代理协议已标准化: socks5:// -> socks5h://
22:14:09 [INFO] http_client: 代理协议已标准化: socks5:// -> socks5h://
22:14:09 [INFO] http_client: 代理协议已标准化: socks5:// -> socks5h://
22:14:09 [INFO] http_client: 代理协议已标准化: socks5:// -> socks5h://
22:14:10 [INFO] proxy_health: 健康检查完成: 9 正常 / 0 异常 / 0 移除（耗时 1.0s）
22:19:10 [INFO] http_client: 代理协议已标准化: socks5:// -> socks5h://
22:19:10 [INFO] http_client: 代理协议已标准化: socks5:// -> socks5h://
22:19:10 [INFO] http_client: 代理协议已标准化: socks5:// -> socks5h://
22:19:10 [INFO] http_client: 代理协议已标准化: socks5:// -> socks5h://
22:19:10 [INFO] http_client: 代理协议已标准化: socks5:// -> socks5h://
22:19:10 [INFO] http_client: 代理协议已标准化: socks5:// -> socks5h://
22:19:10 [INFO] http_client: 代理协议已标准化: socks5:// -> socks5h://
22:19:10 [INFO] http_client: 代理协议已标准化: socks5:// -> socks5h://
22:19:10 [INFO] http_client: 代理协议已标准化: socks5:// -> socks5h://
22:19:11 [INFO] proxy_health: 健康检查完成: 9 正常 / 0 异常 / 0 移除（耗时 1.0s）
22:24:11 [INFO] http_client: 代理协议已标准化: socks5:// -> socks5h://
22:24:11 [INFO] http_client: 代理协议已标准化: socks5:// -> socks5h://
22:24:11 [INFO] http_client: 代理协议已标准化: socks5:// -> socks5h://
22:24:11 [INFO] http_client: 代理协议已标准化: socks5:// -> socks5h://
22:24:11 [INFO] http_client: 代理协议已标准化: socks5:// -> socks5h://
22:24:11 [INFO] http_client: 代理协议已标准化: socks5:// -> socks5h://
22:24:11 [INFO] http_client: 代理协议已标准化: socks5:// -> socks5h://
22:24:11 [INFO] http_client: 代理协议已标准化: socks5:// -> socks5h://
22:24:11 [INFO] http_client: 代理协议已标准化: socks5:// -> socks5h://
22:24:13 [INFO] proxy_health: 健康检查完成: 9 正常 / 0 异常 / 0 移除（耗时 1.0s）
22:29:13 [INFO] http_client: 代理协议已标准化: socks5:// -> socks5h://
22:29:13 [INFO] http_client: 代理协议已标准化: socks5:// -> socks5h://
22:29:13 [INFO] http_client: 代理协议已标准化: socks5:// -> socks5h://
22:29:13 [INFO] http_client: 代理协议已标准化: socks5:// -> socks5h://
22:29:13 [INFO] http_client: 代理协议已标准化: socks5:// -> socks5h://
22:29:13 [INFO] http_client: 代理协议已标准化: socks5:// -> socks5h://
22:29:13 [INFO] http_client: 代理协议已标准化: socks5:// -> socks5h://
22:29:13 [INFO] http_client: 代理协议已标准化: socks5:// -> socks5h://
22:29:13 [INFO] http_client: 代理协议已标准化: socks5:// -> socks5h://
22:29:14 [INFO] proxy_health: 健康检查完成: 9 正常 / 0 异常 / 0 移除（耗时 1.1s）
22:34:14 [INFO] http_client: 代理协议已标准化: socks5:// -> socks5h://
22:34:14 [INFO] http_client: 代理协议已标准化: socks5:// -> socks5h://
22:34:14 [INFO] http_client: 代理协议已标准化: socks5:// -> socks5h://
22:34:14 [INFO] http_client: 代理协议已标准化: socks5:// -> socks5h://
22:34:14 [INFO] http_client: 代理协议已标准化: socks5:// -> socks5h://
22:34:14 [INFO] http_client: 代理协议已标准化: socks5:// -> socks5h://
22:34:14 [INFO] http_client: 代理协议已标准化: socks5:// -> socks5h://
22:34:14 [INFO] http_client: 代理协议已标准化: socks5:// -> socks5h://
22:34:14 [INFO] http_client: 代理协议已标准化: socks5:// -> socks5h://
22:34:19 [INFO] proxy_health: 健康检查完成: 8 正常 / 1 异常 / 0 移除（耗时 5.0s）
22:39:19 [INFO] http_client: 代理协议已标准化: socks5:// -> socks5h://
22:39:19 [INFO] http_client: 代理协议已标准化: socks5:// -> socks5h://
22:39:19 [INFO] http_client: 代理协议已标准化: socks5:// -> socks5h://
22:39:19 [INFO] http_client: 代理协议已标准化: socks5:// -> socks5h://
22:39:19 [INFO] http_client: 代理协议已标准化: socks5:// -> socks5h://
22:39:19 [INFO] http_client: 代理协议已标准化: socks5:// -> socks5h://
22:39:19 [INFO] http_client: 代理协议已标准化: socks5:// -> socks5h://
22:39:19 [INFO] http_client: 代理协议已标准化: socks5:// -> socks5h://
22:39:20 [INFO] proxy_health: 健康检查完成: 8 正常 / 0 异常 / 0 移除（耗时 1.0s）
22:44:20 [INFO] http_client: 代理协议已标准化: socks5:// -> socks5h://
22:44:20 [INFO] http_client: 代理协议已标准化: socks5:// -> socks5h://
22:44:20 [INFO] http_client: 代理协议已标准化: socks5:// -> socks5h://
22:44:20 [INFO] http_client: 代理协议已标准化: socks5:// -> socks5h://
22:44:20 [INFO] http_client: 代理协议已标准化: socks5:// -> socks5h://
22:44:20 [INFO] http_client: 代理协议已标准化: socks5:// -> socks5h://
22:44:20 [INFO] http_client: 代理协议已标准化: socks5:// -> socks5h://
22:44:20 [INFO] http_client: 代理协议已标准化: socks5:// -> socks5h://
22:44:21 [INFO] proxy_health: 健康检查完成: 8 正常 / 0 异常 / 0 移除（耗时 1.0s）
22:49:21 [INFO] http_client: 代理协议已标准化: socks5:// -> socks5h://
22:49:21 [INFO] http_client: 代理协议已标准化: socks5:// -> socks5h://
22:49:21 [INFO] http_client: 代理协议已标准化: socks5:// -> socks5h://
22:49:21 [INFO] http_client: 代理协议已标准化: socks5:// -> socks5h://
22:49:21 [INFO] http_client: 代理协议已标准化: socks5:// -> socks5h://
22:49:21 [INFO] http_client: 代理协议已标准化: socks5:// -> socks5h://
22:49:21 [INFO] http_client: 代理协议已标准化: socks5:// -> socks5h://
22:49:21 [INFO] http_client: 代理协议已标准化: socks5:// -> socks5h://
22:49:22 [INFO] proxy_health: 健康检查完成: 8 正常 / 0 异常 / 0 移除（耗时 1.0s）
22:54:22 [INFO] http_client: 代理协议已标准化: socks5:// -> socks5h://
22:54:22 [INFO] http_client: 代理协议已标准化: socks5:// -> socks5h://
22:54:22 [INFO] http_client: 代理协议已标准化: socks5:// -> socks5h://
22:54:22 [INFO] http_client: 代理协议已标准化: socks5:// -> socks5h://
22:54:22 [INFO] http_client: 代理协议已标准化: socks5:// -> socks5h://
22:54:22 [INFO] http_client: 代理协议已标准化: socks5:// -> socks5h://
22:54:22 [INFO] http_client: 代理协议已标准化: socks5:// -> socks5h://
22:54:22 [INFO] http_client: 代理协议已标准化: socks5:// -> socks5h://
22:54:23 [INFO] proxy_health: 健康检查完成: 8 正常 / 0 异常 / 0 移除（耗时 1.0s）
22:59:23 [INFO] http_client: 代理协议已标准化: socks5:// -> socks5h://
22:59:23 [INFO] http_client: 代理协议已标准化: socks5:// -> socks5h://
22:59:23 [INFO] http_client: 代理协议已标准化: socks5:// -> socks5h://
22:59:23 [INFO] http_client: 代理协议已标准化: socks5:// -> socks5h://
22:59:23 [INFO] http_client: 代理协议已标准化: socks5:// -> socks5h://
22:59:23 [INFO] http_client: 代理协议已标准化: socks5:// -> socks5h://
22:59:23 [INFO] http_client: 代理协议已标准化: socks5:// -> socks5h://
22:59:23 [INFO] http_client: 代理协议已标准化: socks5:// -> socks5h://
22:59:24 [INFO] proxy_health: 健康检查完成: 8 正常 / 0 异常 / 0 移除（耗时 1.0s）
23:04:24 [INFO] http_client: 代理协议已标准化: socks5:// -> socks5h://
23:04:24 [INFO] http_client: 代理协议已标准化: socks5:// -> socks5h://
23:04:24 [INFO] http_client: 代理协议已标准化: socks5:// -> socks5h://
23:04:24 [INFO] http_client: 代理协议已标准化: socks5:// -> socks5h://
23:04:24 [INFO] http_client: 代理协议已标准化: socks5:// -> socks5h://
23:04:24 [INFO] http_client: 代理协议已标准化: socks5:// -> socks5h://
23:04:24 [INFO] http_client: 代理协议已标准化: socks5:// -> socks5h://
23:04:24 [INFO] http_client: 代理协议已标准化: socks5:// -> socks5h://
23:04:25 [INFO] proxy_health: 健康检查完成: 8 正常 / 0 异常 / 0 移除（耗时 1.0s）
23:09:25 [INFO] http_client: 代理协议已标准化: socks5:// -> socks5h://
23:09:25 [INFO] http_client: 代理协议已标准化: socks5:// -> socks5h://
23:09:25 [INFO] http_client: 代理协议已标准化: socks5:// -> socks5h://
23:09:25 [INFO] http_client: 代理协议已标准化: socks5:// -> socks5h://
23:09:25 [INFO] http_client: 代理协议已标准化: socks5:// -> socks5h://
23:09:25 [INFO] http_client: 代理协议已标准化: socks5:// -> socks5h://
23:09:25 [INFO] http_client: 代理协议已标准化: socks5:// -> socks5h://
23:09:25 [INFO] http_client: 代理协议已标准化: socks5:// -> socks5h://
23:09:26 [INFO] proxy_health: 健康检查完成: 8 正常 / 0 异常 / 0 移除（耗时 1.1s）
23:14:26 [INFO] http_client: 代理协议已标准化: socks5:// -> socks5h://
23:14:26 [INFO] http_client: 代理协议已标准化: socks5:// -> socks5h://
23:14:26 [INFO] http_client: 代理协议已标准化: socks5:// -> socks5h://
23:14:26 [INFO] http_client: 代理协议已标准化: socks5:// -> socks5h://
23:14:26 [INFO] http_client: 代理协议已标准化: socks5:// -> socks5h://
23:14:26 [INFO] http_client: 代理协议已标准化: socks5:// -> socks5h://
23:14:26 [INFO] http_client: 代理协议已标准化: socks5:// -> socks5h://
23:14:26 [INFO] http_client: 代理协议已标准化: socks5:// -> socks5h://
23:14:27 [INFO] proxy_health: 健康检查完成: 8 正常 / 0 异常 / 0 移除（耗时 1.3s）
23:19:27 [INFO] http_client: 代理协议已标准化: socks5:// -> socks5h://
23:19:27 [INFO] http_client: 代理协议已标准化: socks5:// -> socks5h://
23:19:27 [INFO] http_client: 代理协议已标准化: socks5:// -> socks5h://
23:19:27 [INFO] http_client: 代理协议已标准化: socks5:// -> socks5h://
23:19:27 [INFO] http_client: 代理协议已标准化: socks5:// -> socks5h://
23:19:27 [INFO] http_client: 代理协议已标准化: socks5:// -> socks5h://
23:19:27 [INFO] http_client: 代理协议已标准化: socks5:// -> socks5h://
23:19:27 [INFO] http_client: 代理协议已标准化: socks5:// -> socks5h://
23:19:28 [INFO] proxy_health: 健康检查完成: 8 正常 / 0 异常 / 0 移除（耗时 1.0s）
23:24:28 [INFO] http_client: 代理协议已标准化: socks5:// -> socks5h://
23:24:28 [INFO] http_client: 代理协议已标准化: socks5:// -> socks5h://
23:24:28 [INFO] http_client: 代理协议已标准化: socks5:// -> socks5h://
23:24:28 [INFO] http_client: 代理协议已标准化: socks5:// -> socks5h://
23:24:28 [INFO] http_client: 代理协议已标准化: socks5:// -> socks5h://
23:24:28 [INFO] http_client: 代理协议已标准化: socks5:// -> socks5h://
23:24:28 [INFO] http_client: 代理协议已标准化: socks5:// -> socks5h://
23:24:28 [INFO] http_client: 代理协议已标准化: socks5:// -> socks5h://
23:24:29 [INFO] proxy_health: 健康检查完成: 8 正常 / 0 异常 / 0 移除（耗时 1.0s）
23:29:29 [INFO] http_client: 代理协议已标准化: socks5:// -> socks5h://
23:29:29 [INFO] http_client: 代理协议已标准化: socks5:// -> socks5h://
23:29:29 [INFO] http_client: 代理协议已标准化: socks5:// -> socks5h://
23:29:29 [INFO] http_client: 代理协议已标准化: socks5:// -> socks5h://
23:29:29 [INFO] http_client: 代理协议已标准化: socks5:// -> socks5h://
23:29:29 [INFO] http_client: 代理协议已标准化: socks5:// -> socks5h://
23:29:29 [INFO] http_client: 代理协议已标准化: socks5:// -> socks5h://
23:29:29 [INFO] http_client: 代理协议已标准化: socks5:// -> socks5h://
23:29:30 [INFO] proxy_health: 健康检查完成: 8 正常 / 0 异常 / 0 移除（耗时 1.0s）
23:34:30 [INFO] http_client: 代理协议已标准化: socks5:// -> socks5h://
23:34:30 [INFO] http_client: 代理协议已标准化: socks5:// -> socks5h://
23:34:30 [INFO] http_client: 代理协议已标准化: socks5:// -> socks5h://
23:34:30 [INFO] http_client: 代理协议已标准化: socks5:// -> socks5h://
23:34:30 [INFO] http_client: 代理协议已标准化: socks5:// -> socks5h://
23:34:30 [INFO] http_client: 代理协议已标准化: socks5:// -> socks5h://
23:34:30 [INFO] http_client: 代理协议已标准化: socks5:// -> socks5h://
23:34:30 [INFO] http_client: 代理协议已标准化: socks5:// -> socks5h://
23:34:32 [INFO] proxy_health: 健康检查完成: 8 正常 / 0 异常 / 0 移除（耗时 1.4s）
23:39:32 [INFO] http_client: 代理协议已标准化: socks5:// -> socks5h://
23:39:32 [INFO] http_client: 代理协议已标准化: socks5:// -> socks5h://
23:39:32 [INFO] http_client: 代理协议已标准化: socks5:// -> socks5h://
23:39:32 [INFO] http_client: 代理协议已标准化: socks5:// -> socks5h://
23:39:32 [INFO] http_client: 代理协议已标准化: socks5:// -> socks5h://
23:39:32 [INFO] http_client: 代理协议已标准化: socks5:// -> socks5h://
23:39:32 [INFO] http_client: 代理协议已标准化: socks5:// -> socks5h://
23:39:32 [INFO] http_client: 代理协议已标准化: socks5:// -> socks5h://
23:39:33 [INFO] proxy_health: 健康检查完成: 8 正常 / 0 异常 / 0 移除（耗时 1.2s）
23:44:33 [INFO] http_client: 代理协议已标准化: socks5:// -> socks5h://
23:44:33 [INFO] http_client: 代理协议已标准化: socks5:// -> socks5h://
23:44:33 [INFO] http_client: 代理协议已标准化: socks5:// -> socks5h://
23:44:33 [INFO] http_client: 代理协议已标准化: socks5:// -> socks5h://
23:44:33 [INFO] http_client: 代理协议已标准化: socks5:// -> socks5h://
23:44:33 [INFO] http_client: 代理协议已标准化: socks5:// -> socks5h://
23:44:33 [INFO] http_client: 代理协议已标准化: socks5:// -> socks5h://
23:44:33 [INFO] http_client: 代理协议已标准化: socks5:// -> socks5h://
23:44:34 [INFO] proxy_health: 健康检查完成: 8 正常 / 0 异常 / 0 移除（耗时 1.1s）
23:49:34 [INFO] http_client: 代理协议已标准化: socks5:// -> socks5h://
23:49:34 [INFO] http_client: 代理协议已标准化: socks5:// -> socks5h://
23:49:34 [INFO] http_client: 代理协议已标准化: socks5:// -> socks5h://
23:49:34 [INFO] http_client: 代理协议已标准化: socks5:// -> socks5h://
23:49:34 [INFO] http_client: 代理协议已标准化: socks5:// -> socks5h://
23:49:34 [INFO] http_client: 代理协议已标准化: socks5:// -> socks5h://
23:49:34 [INFO] http_client: 代理协议已标准化: socks5:// -> socks5h://
23:49:34 [INFO] http_client: 代理协议已标准化: socks5:// -> socks5h://
23:49:35 [INFO] proxy_health: 健康检查完成: 8 正常 / 0 异常 / 0 移除（耗时 1.0s）
23:54:35 [INFO] http_client: 代理协议已标准化: socks5:// -> socks5h://
23:54:35 [INFO] http_client: 代理协议已标准化: socks5:// -> socks5h://
23:54:35 [INFO] http_client: 代理协议已标准化: socks5:// -> socks5h://
23:54:35 [INFO] http_client: 代理协议已标准化: socks5:// -> socks5h://
23:54:35 [INFO] http_client: 代理协议已标准化: socks5:// -> socks5h://
23:54:35 [INFO] http_client: 代理协议已标准化: socks5:// -> socks5h://
23:54:35 [INFO] http_client: 代理协议已标准化: socks5:// -> socks5h://
23:54:35 [INFO] http_client: 代理协议已标准化: socks5:// -> socks5h://
23:54:36 [INFO] proxy_health: 健康检查完成: 8 正常 / 0 异常 / 0 移除（耗时 1.0s）
23:59:36 [INFO] http_client: 代理协议已标准化: socks5:// -> socks5h://
23:59:36 [INFO] http_client: 代理协议已标准化: socks5:// -> socks5h://
23:59:36 [INFO] http_client: 代理协议已标准化: socks5:// -> socks5h://
23:59:36 [INFO] http_client: 代理协议已标准化: socks5:// -> socks5h://
23:59:36 [INFO] http_client: 代理协议已标准化: socks5:// -> socks5h://
23:59:36 [INFO] http_client: 代理协议已标准化: socks5:// -> socks5h://
23:59:36 [INFO] http_client: 代理协议已标准化: socks5:// -> socks5h://
23:59:36 [INFO] http_client: 代理协议已标准化: socks5:// -> socks5h://
23:59:37 [INFO] proxy_health: 健康检查完成: 8 正常 / 0 异常 / 0 移除（耗时 1.0s）
00:04:37 [INFO] http_client: 代理协议已标准化: socks5:// -> socks5h://
00:04:37 [INFO] http_client: 代理协议已标准化: socks5:// -> socks5h://
00:04:37 [INFO] http_client: 代理协议已标准化: socks5:// -> socks5h://
00:04:37 [INFO] http_client: 代理协议已标准化: socks5:// -> socks5h://
00:04:37 [INFO] http_client: 代理协议已标准化: socks5:// -> socks5h://
00:04:37 [INFO] http_client: 代理协议已标准化: socks5:// -> socks5h://
00:04:37 [INFO] http_client: 代理协议已标准化: socks5:// -> socks5h://
00:04:37 [INFO] http_client: 代理协议已标准化: socks5:// -> socks5h://
00:04:38 [INFO] proxy_health: 健康检查完成: 8 正常 / 0 异常 / 0 移除（耗时 1.0s）
00:09:38 [INFO] http_client: 代理协议已标准化: socks5:// -> socks5h://
00:09:38 [INFO] http_client: 代理协议已标准化: socks5:// -> socks5h://
00:09:38 [INFO] http_client: 代理协议已标准化: socks5:// -> socks5h://
00:09:38 [INFO] http_client: 代理协议已标准化: socks5:// -> socks5h://
00:09:38 [INFO] http_client: 代理协议已标准化: socks5:// -> socks5h://
00:09:38 [INFO] http_client: 代理协议已标准化: socks5:// -> socks5h://
00:09:38 [INFO] http_client: 代理协议已标准化: socks5:// -> socks5h://
00:09:38 [INFO] http_client: 代理协议已标准化: socks5:// -> socks5h://
00:09:41 [INFO] proxy_health: 健康检查完成: 8 正常 / 0 异常 / 0 移除（耗时 3.3s）
00:14:41 [INFO] http_client: 代理协议已标准化: socks5:// -> socks5h://
00:14:41 [INFO] http_client: 代理协议已标准化: socks5:// -> socks5h://
00:14:41 [INFO] http_client: 代理协议已标准化: socks5:// -> socks5h://
00:14:41 [INFO] http_client: 代理协议已标准化: socks5:// -> socks5h://
00:14:41 [INFO] http_client: 代理协议已标准化: socks5:// -> socks5h://
00:14:41 [INFO] http_client: 代理协议已标准化: socks5:// -> socks5h://
00:14:41 [INFO] http_client: 代理协议已标准化: socks5:// -> socks5h://
00:14:41 [INFO] http_client: 代理协议已标准化: socks5:// -> socks5h://
00:14:42 [INFO] proxy_health: 健康检查完成: 8 正常 / 0 异常 / 0 移除（耗时 1.0s）
00:19:42 [INFO] http_client: 代理协议已标准化: socks5:// -> socks5h://
00:19:42 [INFO] http_client: 代理协议已标准化: socks5:// -> socks5h://
00:19:42 [INFO] http_client: 代理协议已标准化: socks5:// -> socks5h://
00:19:42 [INFO] http_client: 代理协议已标准化: socks5:// -> socks5h://
00:19:42 [INFO] http_client: 代理协议已标准化: socks5:// -> socks5h://
00:19:42 [INFO] http_client: 代理协议已标准化: socks5:// -> socks5h://
00:19:42 [INFO] http_client: 代理协议已标准化: socks5:// -> socks5h://
00:19:42 [INFO] http_client: 代理协议已标准化: socks5:// -> socks5h://
00:19:43 [INFO] proxy_health: 健康检查完成: 8 正常 / 0 异常 / 0 移除（耗时 1.2s）
00:24:43 [INFO] http_client: 代理协议已标准化: socks5:// -> socks5h://
00:24:43 [INFO] http_client: 代理协议已标准化: socks5:// -> socks5h://
00:24:43 [INFO] http_client: 代理协议已标准化: socks5:// -> socks5h://
00:24:44 [INFO] http_client: 代理协议已标准化: socks5:// -> socks5h://
00:24:44 [INFO] http_client: 代理协议已标准化: socks5:// -> socks5h://
00:24:44 [INFO] http_client: 代理协议已标准化: socks5:// -> socks5h://
00:24:44 [INFO] http_client: 代理协议已标准化: socks5:// -> socks5h://
00:24:44 [INFO] http_client: 代理协议已标准化: socks5:// -> socks5h://
00:24:45 [INFO] proxy_health: 健康检查完成: 8 正常 / 0 异常 / 0 移除（耗时 1.0s）
00:29:45 [INFO] http_client: 代理协议已标准化: socks5:// -> socks5h://
00:29:45 [INFO] http_client: 代理协议已标准化: socks5:// -> socks5h://
00:29:45 [INFO] http_client: 代理协议已标准化: socks5:// -> socks5h://
00:29:45 [INFO] http_client: 代理协议已标准化: socks5:// -> socks5h://
00:29:45 [INFO] http_client: 代理协议已标准化: socks5:// -> socks5h://
00:29:45 [INFO] http_client: 代理协议已标准化: socks5:// -> socks5h://
00:29:45 [INFO] http_client: 代理协议已标准化: socks5:// -> socks5h://
00:29:45 [INFO] http_client: 代理协议已标准化: socks5:// -> socks5h://
00:29:46 [INFO] proxy_health: 健康检查完成: 8 正常 / 0 异常 / 0 移除（耗时 1.0s）
00:34:46 [INFO] http_client: 代理协议已标准化: socks5:// -> socks5h://
00:34:46 [INFO] http_client: 代理协议已标准化: socks5:// -> socks5h://
00:34:46 [INFO] http_client: 代理协议已标准化: socks5:// -> socks5h://
00:34:46 [INFO] http_client: 代理协议已标准化: socks5:// -> socks5h://
00:34:46 [INFO] http_client: 代理协议已标准化: socks5:// -> socks5h://
00:34:46 [INFO] http_client: 代理协议已标准化: socks5:// -> socks5h://
00:34:46 [INFO] http_client: 代理协议已标准化: socks5:// -> socks5h://
00:34:46 [INFO] http_client: 代理协议已标准化: socks5:// -> socks5h://
00:34:47 [INFO] proxy_health: 健康检查完成: 8 正常 / 0 异常 / 0 移除（耗时 1.0s）
00:39:47 [INFO] http_client: 代理协议已标准化: socks5:// -> socks5h://
00:39:47 [INFO] http_client: 代理协议已标准化: socks5:// -> socks5h://
00:39:47 [INFO] http_client: 代理协议已标准化: socks5:// -> socks5h://
00:39:47 [INFO] http_client: 代理协议已标准化: socks5:// -> socks5h://
00:39:47 [INFO] http_client: 代理协议已标准化: socks5:// -> socks5h://
00:39:47 [INFO] http_client: 代理协议已标准化: socks5:// -> socks5h://
00:39:47 [INFO] http_client: 代理协议已标准化: socks5:// -> socks5h://
00:39:47 [INFO] http_client: 代理协议已标准化: socks5:// -> socks5h://
00:39:48 [INFO] proxy_health: 健康检查完成: 8 正常 / 0 异常 / 0 移除（耗时 1.1s）
00:44:48 [INFO] http_client: 代理协议已标准化: socks5:// -> socks5h://
00:44:48 [INFO] http_client: 代理协议已标准化: socks5:// -> socks5h://
00:44:48 [INFO] http_client: 代理协议已标准化: socks5:// -> socks5h://
00:44:48 [INFO] http_client: 代理协议已标准化: socks5:// -> socks5h://
00:44:48 [INFO] http_client: 代理协议已标准化: socks5:// -> socks5h://
00:44:48 [INFO] http_client: 代理协议已标准化: socks5:// -> socks5h://
00:44:48 [INFO] http_client: 代理协议已标准化: socks5:// -> socks5h://
00:44:48 [INFO] http_client: 代理协议已标准化: socks5:// -> socks5h://
00:44:49 [INFO] proxy_health: 健康检查完成: 8 正常 / 0 异常 / 0 移除（耗时 1.0s）
00:49:49 [INFO] http_client: 代理协议已标准化: socks5:// -> socks5h://
00:49:49 [INFO] http_client: 代理协议已标准化: socks5:// -> socks5h://
00:49:49 [INFO] http_client: 代理协议已标准化: socks5:// -> socks5h://
00:49:49 [INFO] http_client: 代理协议已标准化: socks5:// -> socks5h://
00:49:49 [INFO] http_client: 代理协议已标准化: socks5:// -> socks5h://
00:49:49 [INFO] http_client: 代理协议已标准化: socks5:// -> socks5h://
00:49:49 [INFO] http_client: 代理协议已标准化: socks5:// -> socks5h://
00:49:49 [INFO] http_client: 代理协议已标准化: socks5:// -> socks5h://
00:49:50 [INFO] proxy_health: 健康检查完成: 8 正常 / 0 异常 / 0 移除（耗时 1.1s）
00:54:50 [INFO] http_client: 代理协议已标准化: socks5:// -> socks5h://
00:54:50 [INFO] http_client: 代理协议已标准化: socks5:// -> socks5h://
00:54:50 [INFO] http_client: 代理协议已标准化: socks5:// -> socks5h://
00:54:50 [INFO] http_client: 代理协议已标准化: socks5:// -> socks5h://
00:54:50 [INFO] http_client: 代理协议已标准化: socks5:// -> socks5h://
00:54:50 [INFO] http_client: 代理协议已标准化: socks5:// -> socks5h://
00:54:50 [INFO] http_client: 代理协议已标准化: socks5:// -> socks5h://
00:54:50 [INFO] http_client: 代理协议已标准化: socks5:// -> socks5h://
00:54:51 [INFO] proxy_health: 健康检查完成: 8 正常 / 0 异常 / 0 移除（耗时 1.0s）
00:59:51 [INFO] http_client: 代理协议已标准化: socks5:// -> socks5h://
00:59:51 [INFO] http_client: 代理协议已标准化: socks5:// -> socks5h://
00:59:51 [INFO] http_client: 代理协议已标准化: socks5:// -> socks5h://
00:59:51 [INFO] http_client: 代理协议已标准化: socks5:// -> socks5h://
00:59:51 [INFO] http_client: 代理协议已标准化: socks5:// -> socks5h://
00:59:51 [INFO] http_client: 代理协议已标准化: socks5:// -> socks5h://
00:59:51 [INFO] http_client: 代理协议已标准化: socks5:// -> socks5h://
00:59:51 [INFO] http_client: 代理协议已标准化: socks5:// -> socks5h://
00:59:52 [INFO] proxy_health: 健康检查完成: 8 正常 / 0 异常 / 0 移除（耗时 1.0s）
01:04:52 [INFO] http_client: 代理协议已标准化: socks5:// -> socks5h://
01:04:52 [INFO] http_client: 代理协议已标准化: socks5:// -> socks5h://
01:04:52 [INFO] http_client: 代理协议已标准化: socks5:// -> socks5h://
01:04:52 [INFO] http_client: 代理协议已标准化: socks5:// -> socks5h://
01:04:52 [INFO] http_client: 代理协议已标准化: socks5:// -> socks5h://
01:04:52 [INFO] http_client: 代理协议已标准化: socks5:// -> socks5h://
01:04:52 [INFO] http_client: 代理协议已标准化: socks5:// -> socks5h://
01:04:52 [INFO] http_client: 代理协议已标准化: socks5:// -> socks5h://
01:04:53 [INFO] proxy_health: 健康检查完成: 8 正常 / 0 异常 / 0 移除（耗时 1.0s）
01:09:53 [INFO] http_client: 代理协议已标准化: socks5:// -> socks5h://
01:09:53 [INFO] http_client: 代理协议已标准化: socks5:// -> socks5h://
01:09:53 [INFO] http_client: 代理协议已标准化: socks5:// -> socks5h://
01:09:53 [INFO] http_client: 代理协议已标准化: socks5:// -> socks5h://
01:09:53 [INFO] http_client: 代理协议已标准化: socks5:// -> socks5h://
01:09:53 [INFO] http_client: 代理协议已标准化: socks5:// -> socks5h://
01:09:53 [INFO] http_client: 代理协议已标准化: socks5:// -> socks5h://
01:09:53 [INFO] http_client: 代理协议已标准化: socks5:// -> socks5h://
01:09:54 [INFO] proxy_health: 健康检查完成: 8 正常 / 0 异常 / 0 移除（耗时 1.0s）
01:14:54 [INFO] http_client: 代理协议已标准化: socks5:// -> socks5h://
01:14:54 [INFO] http_client: 代理协议已标准化: socks5:// -> socks5h://
01:14:54 [INFO] http_client: 代理协议已标准化: socks5:// -> socks5h://
01:14:54 [INFO] http_client: 代理协议已标准化: socks5:// -> socks5h://
01:14:54 [INFO] http_client: 代理协议已标准化: socks5:// -> socks5h://
01:14:54 [INFO] http_client: 代理协议已标准化: socks5:// -> socks5h://
01:14:54 [INFO] http_client: 代理协议已标准化: socks5:// -> socks5h://
01:14:54 [INFO] http_client: 代理协议已标准化: socks5:// -> socks5h://
01:14:55 [INFO] proxy_health: 健康检查完成: 8 正常 / 0 异常 / 0 移除（耗时 1.1s）
01:19:55 [INFO] http_client: 代理协议已标准化: socks5:// -> socks5h://
01:19:55 [INFO] http_client: 代理协议已标准化: socks5:// -> socks5h://
01:19:55 [INFO] http_client: 代理协议已标准化: socks5:// -> socks5h://
01:19:55 [INFO] http_client: 代理协议已标准化: socks5:// -> socks5h://
01:19:55 [INFO] http_client: 代理协议已标准化: socks5:// -> socks5h://
01:19:55 [INFO] http_client: 代理协议已标准化: socks5:// -> socks5h://
01:19:55 [INFO] http_client: 代理协议已标准化: socks5:// -> socks5h://
01:19:55 [INFO] http_client: 代理协议已标准化: socks5:// -> socks5h://
01:19:56 [INFO] proxy_health: 健康检查完成: 8 正常 / 0 异常 / 0 移除（耗时 1.0s）
01:24:56 [INFO] http_client: 代理协议已标准化: socks5:// -> socks5h://
01:24:56 [INFO] http_client: 代理协议已标准化: socks5:// -> socks5h://
01:24:56 [INFO] http_client: 代理协议已标准化: socks5:// -> socks5h://
01:24:56 [INFO] http_client: 代理协议已标准化: socks5:// -> socks5h://
01:24:56 [INFO] http_client: 代理协议已标准化: socks5:// -> socks5h://
01:24:56 [INFO] http_client: 代理协议已标准化: socks5:// -> socks5h://
01:24:56 [INFO] http_client: 代理协议已标准化: socks5:// -> socks5h://
01:24:56 [INFO] http_client: 代理协议已标准化: socks5:// -> socks5h://
01:24:57 [INFO] proxy_health: 健康检查完成: 8 正常 / 0 异常 / 0 移除（耗时 1.0s）
01:29:57 [INFO] http_client: 代理协议已标准化: socks5:// -> socks5h://
01:29:57 [INFO] http_client: 代理协议已标准化: socks5:// -> socks5h://
01:29:57 [INFO] http_client: 代理协议已标准化: socks5:// -> socks5h://
01:29:57 [INFO] http_client: 代理协议已标准化: socks5:// -> socks5h://
01:29:57 [INFO] http_client: 代理协议已标准化: socks5:// -> socks5h://
01:29:57 [INFO] http_client: 代理协议已标准化: socks5:// -> socks5h://
01:29:57 [INFO] http_client: 代理协议已标准化: socks5:// -> socks5h://
01:29:57 [INFO] http_client: 代理协议已标准化: socks5:// -> socks5h://
01:29:58 [INFO] proxy_health: 健康检查完成: 8 正常 / 0 异常 / 0 移除（耗时 1.0s）
01:34:58 [INFO] http_client: 代理协议已标准化: socks5:// -> socks5h://
01:34:58 [INFO] http_client: 代理协议已标准化: socks5:// -> socks5h://
01:34:58 [INFO] http_client: 代理协议已标准化: socks5:// -> socks5h://
01:34:58 [INFO] http_client: 代理协议已标准化: socks5:// -> socks5h://
01:34:58 [INFO] http_client: 代理协议已标准化: socks5:// -> socks5h://
01:34:58 [INFO] http_client: 代理协议已标准化: socks5:// -> socks5h://
01:34:58 [INFO] http_client: 代理协议已标准化: socks5:// -> socks5h://
01:34:58 [INFO] http_client: 代理协议已标准化: socks5:// -> socks5h://
01:34:59 [INFO] proxy_health: 健康检查完成: 8 正常 / 0 异常 / 0 移除（耗时 1.0s）
01:39:59 [INFO] http_client: 代理协议已标准化: socks5:// -> socks5h://
01:39:59 [INFO] http_client: 代理协议已标准化: socks5:// -> socks5h://
01:39:59 [INFO] http_client: 代理协议已标准化: socks5:// -> socks5h://
01:39:59 [INFO] http_client: 代理协议已标准化: socks5:// -> socks5h://
01:39:59 [INFO] http_client: 代理协议已标准化: socks5:// -> socks5h://
01:39:59 [INFO] http_client: 代理协议已标准化: socks5:// -> socks5h://
01:39:59 [INFO] http_client: 代理协议已标准化: socks5:// -> socks5h://
01:39:59 [INFO] http_client: 代理协议已标准化: socks5:// -> socks5h://
01:40:00 [INFO] proxy_health: 健康检查完成: 8 正常 / 0 异常 / 0 移除（耗时 1.0s）
01:45:00 [INFO] http_client: 代理协议已标准化: socks5:// -> socks5h://
01:45:00 [INFO] http_client: 代理协议已标准化: socks5:// -> socks5h://
01:45:00 [INFO] http_client: 代理协议已标准化: socks5:// -> socks5h://
01:45:00 [INFO] http_client: 代理协议已标准化: socks5:// -> socks5h://
01:45:00 [INFO] http_client: 代理协议已标准化: socks5:// -> socks5h://
01:45:00 [INFO] http_client: 代理协议已标准化: socks5:// -> socks5h://
01:45:00 [INFO] http_client: 代理协议已标准化: socks5:// -> socks5h://
01:45:00 [INFO] http_client: 代理协议已标准化: socks5:// -> socks5h://
01:45:01 [INFO] proxy_health: 健康检查完成: 8 正常 / 0 异常 / 0 移除（耗时 1.0s）
01:50:01 [INFO] http_client: 代理协议已标准化: socks5:// -> socks5h://
01:50:01 [INFO] http_client: 代理协议已标准化: socks5:// -> socks5h://
01:50:01 [INFO] http_client: 代理协议已标准化: socks5:// -> socks5h://
01:50:01 [INFO] http_client: 代理协议已标准化: socks5:// -> socks5h://
01:50:01 [INFO] http_client: 代理协议已标准化: socks5:// -> socks5h://
01:50:01 [INFO] http_client: 代理协议已标准化: socks5:// -> socks5h://
01:50:01 [INFO] http_client: 代理协议已标准化: socks5:// -> socks5h://
01:50:01 [INFO] http_client: 代理协议已标准化: socks5:// -> socks5h://
01:50:02 [INFO] proxy_health: 健康检查完成: 8 正常 / 0 异常 / 0 移除（耗时 1.0s）
01:55:02 [INFO] http_client: 代理协议已标准化: socks5:// -> socks5h://
01:55:02 [INFO] http_client: 代理协议已标准化: socks5:// -> socks5h://
01:55:02 [INFO] http_client: 代理协议已标准化: socks5:// -> socks5h://
01:55:02 [INFO] http_client: 代理协议已标准化: socks5:// -> socks5h://
01:55:02 [INFO] http_client: 代理协议已标准化: socks5:// -> socks5h://
01:55:02 [INFO] http_client: 代理协议已标准化: socks5:// -> socks5h://
01:55:02 [INFO] http_client: 代理协议已标准化: socks5:// -> socks5h://
01:55:02 [INFO] http_client: 代理协议已标准化: socks5:// -> socks5h://
01:55:03 [INFO] proxy_health: 健康检查完成: 8 正常 / 0 异常 / 0 移除（耗时 1.0s）
02:00:03 [INFO] http_client: 代理协议已标准化: socks5:// -> socks5h://
02:00:03 [INFO] http_client: 代理协议已标准化: socks5:// -> socks5h://
02:00:03 [INFO] http_client: 代理协议已标准化: socks5:// -> socks5h://
02:00:03 [INFO] http_client: 代理协议已标准化: socks5:// -> socks5h://
02:00:03 [INFO] http_client: 代理协议已标准化: socks5:// -> socks5h://
02:00:03 [INFO] http_client: 代理协议已标准化: socks5:// -> socks5h://
02:00:03 [INFO] http_client: 代理协议已标准化: socks5:// -> socks5h://
02:00:03 [INFO] http_client: 代理协议已标准化: socks5:// -> socks5h://
02:00:04 [INFO] proxy_health: 健康检查完成: 8 正常 / 0 异常 / 0 移除（耗时 1.0s）
02:05:04 [INFO] http_client: 代理协议已标准化: socks5:// -> socks5h://
02:05:04 [INFO] http_client: 代理协议已标准化: socks5:// -> socks5h://
02:05:04 [INFO] http_client: 代理协议已标准化: socks5:// -> socks5h://
02:05:04 [INFO] http_client: 代理协议已标准化: socks5:// -> socks5h://
02:05:04 [INFO] http_client: 代理协议已标准化: socks5:// -> socks5h://
02:05:04 [INFO] http_client: 代理协议已标准化: socks5:// -> socks5h://
02:05:04 [INFO] http_client: 代理协议已标准化: socks5:// -> socks5h://
02:05:04 [INFO] http_client: 代理协议已标准化: socks5:// -> socks5h://
02:05:05 [INFO] proxy_health: 健康检查完成: 8 正常 / 0 异常 / 0 移除（耗时 1.0s）
02:10:05 [INFO] http_client: 代理协议已标准化: socks5:// -> socks5h://
02:10:05 [INFO] http_client: 代理协议已标准化: socks5:// -> socks5h://
02:10:05 [INFO] http_client: 代理协议已标准化: socks5:// -> socks5h://
02:10:05 [INFO] http_client: 代理协议已标准化: socks5:// -> socks5h://
02:10:05 [INFO] http_client: 代理协议已标准化: socks5:// -> socks5h://
02:10:05 [INFO] http_client: 代理协议已标准化: socks5:// -> socks5h://
02:10:05 [INFO] http_client: 代理协议已标准化: socks5:// -> socks5h://
02:10:05 [INFO] http_client: 代理协议已标准化: socks5:// -> socks5h://
02:10:06 [INFO] proxy_health: 健康检查完成: 8 正常 / 0 异常 / 0 移除（耗时 1.0s）
02:15:06 [INFO] http_client: 代理协议已标准化: socks5:// -> socks5h://
02:15:06 [INFO] http_client: 代理协议已标准化: socks5:// -> socks5h://
02:15:06 [INFO] http_client: 代理协议已标准化: socks5:// -> socks5h://
02:15:06 [INFO] http_client: 代理协议已标准化: socks5:// -> socks5h://
02:15:06 [INFO] http_client: 代理协议已标准化: socks5:// -> socks5h://
02:15:06 [INFO] http_client: 代理协议已标准化: socks5:// -> socks5h://
02:15:06 [INFO] http_client: 代理协议已标准化: socks5:// -> socks5h://
02:15:06 [INFO] http_client: 代理协议已标准化: socks5:// -> socks5h://
02:15:07 [INFO] proxy_health: 健康检查完成: 8 正常 / 0 异常 / 0 移除（耗时 1.0s）
02:20:07 [INFO] http_client: 代理协议已标准化: socks5:// -> socks5h://
02:20:07 [INFO] http_client: 代理协议已标准化: socks5:// -> socks5h://
02:20:07 [INFO] http_client: 代理协议已标准化: socks5:// -> socks5h://
02:20:07 [INFO] http_client: 代理协议已标准化: socks5:// -> socks5h://
02:20:07 [INFO] http_client: 代理协议已标准化: socks5:// -> socks5h://
02:20:07 [INFO] http_client: 代理协议已标准化: socks5:// -> socks5h://
02:20:07 [INFO] http_client: 代理协议已标准化: socks5:// -> socks5h://
02:20:07 [INFO] http_client: 代理协议已标准化: socks5:// -> socks5h://
02:20:08 [INFO] proxy_health: 健康检查完成: 8 正常 / 0 异常 / 0 移除（耗时 1.0s）
02:25:08 [INFO] http_client: 代理协议已标准化: socks5:// -> socks5h://
02:25:08 [INFO] http_client: 代理协议已标准化: socks5:// -> socks5h://
02:25:08 [INFO] http_client: 代理协议已标准化: socks5:// -> socks5h://
02:25:08 [INFO] http_client: 代理协议已标准化: socks5:// -> socks5h://
02:25:08 [INFO] http_client: 代理协议已标准化: socks5:// -> socks5h://
02:25:08 [INFO] http_client: 代理协议已标准化: socks5:// -> socks5h://
02:25:08 [INFO] http_client: 代理协议已标准化: socks5:// -> socks5h://
02:25:08 [INFO] http_client: 代理协议已标准化: socks5:// -> socks5h://
02:25:09 [INFO] proxy_health: 健康检查完成: 8 正常 / 0 异常 / 0 移除（耗时 1.0s）
02:30:09 [INFO] http_client: 代理协议已标准化: socks5:// -> socks5h://
02:30:09 [INFO] http_client: 代理协议已标准化: socks5:// -> socks5h://
02:30:09 [INFO] http_client: 代理协议已标准化: socks5:// -> socks5h://
02:30:09 [INFO] http_client: 代理协议已标准化: socks5:// -> socks5h://
02:30:09 [INFO] http_client: 代理协议已标准化: socks5:// -> socks5h://
02:30:09 [INFO] http_client: 代理协议已标准化: socks5:// -> socks5h://
02:30:09 [INFO] http_client: 代理协议已标准化: socks5:// -> socks5h://
02:30:09 [INFO] http_client: 代理协议已标准化: socks5:// -> socks5h://
02:30:10 [INFO] proxy_health: 健康检查完成: 8 正常 / 0 异常 / 0 移除（耗时 1.0s）
02:35:10 [INFO] http_client: 代理协议已标准化: socks5:// -> socks5h://
02:35:10 [INFO] http_client: 代理协议已标准化: socks5:// -> socks5h://
02:35:10 [INFO] http_client: 代理协议已标准化: socks5:// -> socks5h://
02:35:10 [INFO] http_client: 代理协议已标准化: socks5:// -> socks5h://
02:35:10 [INFO] http_client: 代理协议已标准化: socks5:// -> socks5h://
02:35:10 [INFO] http_client: 代理协议已标准化: socks5:// -> socks5h://
02:35:10 [INFO] http_client: 代理协议已标准化: socks5:// -> socks5h://
02:35:10 [INFO] http_client: 代理协议已标准化: socks5:// -> socks5h://
02:35:11 [INFO] proxy_health: 健康检查完成: 8 正常 / 0 异常 / 0 移除（耗时 1.0s）
02:40:11 [INFO] http_client: 代理协议已标准化: socks5:// -> socks5h://
02:40:11 [INFO] http_client: 代理协议已标准化: socks5:// -> socks5h://
02:40:11 [INFO] http_client: 代理协议已标准化: socks5:// -> socks5h://
02:40:11 [INFO] http_client: 代理协议已标准化: socks5:// -> socks5h://
02:40:11 [INFO] http_client: 代理协议已标准化: socks5:// -> socks5h://
02:40:11 [INFO] http_client: 代理协议已标准化: socks5:// -> socks5h://
02:40:11 [INFO] http_client: 代理协议已标准化: socks5:// -> socks5h://
02:40:11 [INFO] http_client: 代理协议已标准化: socks5:// -> socks5h://
02:40:12 [INFO] proxy_health: 健康检查完成: 8 正常 / 0 异常 / 0 移除（耗时 1.0s）
02:45:12 [INFO] http_client: 代理协议已标准化: socks5:// -> socks5h://
02:45:12 [INFO] http_client: 代理协议已标准化: socks5:// -> socks5h://
02:45:12 [INFO] http_client: 代理协议已标准化: socks5:// -> socks5h://
02:45:12 [INFO] http_client: 代理协议已标准化: socks5:// -> socks5h://
02:45:12 [INFO] http_client: 代理协议已标准化: socks5:// -> socks5h://
02:45:12 [INFO] http_client: 代理协议已标准化: socks5:// -> socks5h://
02:45:12 [INFO] http_client: 代理协议已标准化: socks5:// -> socks5h://
02:45:12 [INFO] http_client: 代理协议已标准化: socks5:// -> socks5h://
02:45:13 [INFO] proxy_health: 健康检查完成: 8 正常 / 0 异常 / 0 移除（耗时 1.0s）
02:50:13 [INFO] http_client: 代理协议已标准化: socks5:// -> socks5h://
02:50:13 [INFO] http_client: 代理协议已标准化: socks5:// -> socks5h://
02:50:13 [INFO] http_client: 代理协议已标准化: socks5:// -> socks5h://
02:50:13 [INFO] http_client: 代理协议已标准化: socks5:// -> socks5h://
02:50:13 [INFO] http_client: 代理协议已标准化: socks5:// -> socks5h://
02:50:13 [INFO] http_client: 代理协议已标准化: socks5:// -> socks5h://
02:50:13 [INFO] http_client: 代理协议已标准化: socks5:// -> socks5h://
02:50:13 [INFO] http_client: 代理协议已标准化: socks5:// -> socks5h://
02:50:14 [INFO] proxy_health: 健康检查完成: 8 正常 / 0 异常 / 0 移除（耗时 1.0s）
02:55:14 [INFO] http_client: 代理协议已标准化: socks5:// -> socks5h://
02:55:14 [INFO] http_client: 代理协议已标准化: socks5:// -> socks5h://
02:55:14 [INFO] http_client: 代理协议已标准化: socks5:// -> socks5h://
02:55:14 [INFO] http_client: 代理协议已标准化: socks5:// -> socks5h://
02:55:14 [INFO] http_client: 代理协议已标准化: socks5:// -> socks5h://
02:55:14 [INFO] http_client: 代理协议已标准化: socks5:// -> socks5h://
02:55:14 [INFO] http_client: 代理协议已标准化: socks5:// -> socks5h://
02:55:14 [INFO] http_client: 代理协议已标准化: socks5:// -> socks5h://
02:55:15 [INFO] proxy_health: 健康检查完成: 8 正常 / 0 异常 / 0 移除（耗时 1.0s）
03:00:15 [INFO] http_client: 代理协议已标准化: socks5:// -> socks5h://
03:00:15 [INFO] http_client: 代理协议已标准化: socks5:// -> socks5h://
03:00:15 [INFO] http_client: 代理协议已标准化: socks5:// -> socks5h://
03:00:15 [INFO] http_client: 代理协议已标准化: socks5:// -> socks5h://
03:00:15 [INFO] http_client: 代理协议已标准化: socks5:// -> socks5h://
03:00:15 [INFO] http_client: 代理协议已标准化: socks5:// -> socks5h://
03:00:15 [INFO] http_client: 代理协议已标准化: socks5:// -> socks5h://
03:00:15 [INFO] http_client: 代理协议已标准化: socks5:// -> socks5h://
03:00:16 [INFO] proxy_health: 健康检查完成: 8 正常 / 0 异常 / 0 移除（耗时 1.0s）
03:05:16 [INFO] http_client: 代理协议已标准化: socks5:// -> socks5h://
03:05:16 [INFO] http_client: 代理协议已标准化: socks5:// -> socks5h://
03:05:16 [INFO] http_client: 代理协议已标准化: socks5:// -> socks5h://
03:05:16 [INFO] http_client: 代理协议已标准化: socks5:// -> socks5h://
03:05:16 [INFO] http_client: 代理协议已标准化: socks5:// -> socks5h://
03:05:16 [INFO] http_client: 代理协议已标准化: socks5:// -> socks5h://
03:05:16 [INFO] http_client: 代理协议已标准化: socks5:// -> socks5h://
03:05:16 [INFO] http_client: 代理协议已标准化: socks5:// -> socks5h://
03:05:17 [INFO] proxy_health: 健康检查完成: 8 正常 / 0 异常 / 0 移除（耗时 1.0s）
03:10:17 [INFO] http_client: 代理协议已标准化: socks5:// -> socks5h://
03:10:17 [INFO] http_client: 代理协议已标准化: socks5:// -> socks5h://
03:10:17 [INFO] http_client: 代理协议已标准化: socks5:// -> socks5h://
03:10:17 [INFO] http_client: 代理协议已标准化: socks5:// -> socks5h://
03:10:17 [INFO] http_client: 代理协议已标准化: socks5:// -> socks5h://
03:10:17 [INFO] http_client: 代理协议已标准化: socks5:// -> socks5h://
03:10:17 [INFO] http_client: 代理协议已标准化: socks5:// -> socks5h://
03:10:17 [INFO] http_client: 代理协议已标准化: socks5:// -> socks5h://
03:10:18 [INFO] proxy_health: 健康检查完成: 8 正常 / 0 异常 / 0 移除（耗时 1.0s）
03:15:18 [INFO] http_client: 代理协议已标准化: socks5:// -> socks5h://
03:15:18 [INFO] http_client: 代理协议已标准化: socks5:// -> socks5h://
03:15:18 [INFO] http_client: 代理协议已标准化: socks5:// -> socks5h://
03:15:18 [INFO] http_client: 代理协议已标准化: socks5:// -> socks5h://
03:15:18 [INFO] http_client: 代理协议已标准化: socks5:// -> socks5h://
03:15:18 [INFO] http_client: 代理协议已标准化: socks5:// -> socks5h://
03:15:18 [INFO] http_client: 代理协议已标准化: socks5:// -> socks5h://
03:15:18 [INFO] http_client: 代理协议已标准化: socks5:// -> socks5h://
03:15:20 [INFO] proxy_health: 健康检查完成: 8 正常 / 0 异常 / 0 移除（耗时 1.0s）
03:20:20 [INFO] http_client: 代理协议已标准化: socks5:// -> socks5h://
03:20:20 [INFO] http_client: 代理协议已标准化: socks5:// -> socks5h://
03:20:20 [INFO] http_client: 代理协议已标准化: socks5:// -> socks5h://
03:20:20 [INFO] http_client: 代理协议已标准化: socks5:// -> socks5h://
03:20:20 [INFO] http_client: 代理协议已标准化: socks5:// -> socks5h://
03:20:20 [INFO] http_client: 代理协议已标准化: socks5:// -> socks5h://
03:20:20 [INFO] http_client: 代理协议已标准化: socks5:// -> socks5h://
03:20:20 [INFO] http_client: 代理协议已标准化: socks5:// -> socks5h://
03:20:21 [INFO] proxy_health: 健康检查完成: 8 正常 / 0 异常 / 0 移除（耗时 1.0s）
03:25:21 [INFO] http_client: 代理协议已标准化: socks5:// -> socks5h://
03:25:21 [INFO] http_client: 代理协议已标准化: socks5:// -> socks5h://
03:25:21 [INFO] http_client: 代理协议已标准化: socks5:// -> socks5h://
03:25:21 [INFO] http_client: 代理协议已标准化: socks5:// -> socks5h://
03:25:21 [INFO] http_client: 代理协议已标准化: socks5:// -> socks5h://
03:25:21 [INFO] http_client: 代理协议已标准化: socks5:// -> socks5h://
03:25:21 [INFO] http_client: 代理协议已标准化: socks5:// -> socks5h://
03:25:21 [INFO] http_client: 代理协议已标准化: socks5:// -> socks5h://
03:25:24 [INFO] proxy_health: 健康检查完成: 8 正常 / 0 异常 / 0 移除（耗时 3.0s）
03:30:24 [INFO] http_client: 代理协议已标准化: socks5:// -> socks5h://
03:30:24 [INFO] http_client: 代理协议已标准化: socks5:// -> socks5h://
03:30:24 [INFO] http_client: 代理协议已标准化: socks5:// -> socks5h://
03:30:24 [INFO] http_client: 代理协议已标准化: socks5:// -> socks5h://
03:30:24 [INFO] http_client: 代理协议已标准化: socks5:// -> socks5h://
03:30:24 [INFO] http_client: 代理协议已标准化: socks5:// -> socks5h://
03:30:24 [INFO] http_client: 代理协议已标准化: socks5:// -> socks5h://
03:30:24 [INFO] http_client: 代理协议已标准化: socks5:// -> socks5h://
03:30:25 [INFO] proxy_health: 健康检查完成: 8 正常 / 0 异常 / 0 移除（耗时 1.0s）
03:35:25 [INFO] http_client: 代理协议已标准化: socks5:// -> socks5h://
03:35:25 [INFO] http_client: 代理协议已标准化: socks5:// -> socks5h://
03:35:25 [INFO] http_client: 代理协议已标准化: socks5:// -> socks5h://
03:35:25 [INFO] http_client: 代理协议已标准化: socks5:// -> socks5h://
03:35:25 [INFO] http_client: 代理协议已标准化: socks5:// -> socks5h://
03:35:25 [INFO] http_client: 代理协议已标准化: socks5:// -> socks5h://
03:35:25 [INFO] http_client: 代理协议已标准化: socks5:// -> socks5h://
03:35:25 [INFO] http_client: 代理协议已标准化: socks5:// -> socks5h://
03:35:27 [INFO] proxy_health: 健康检查完成: 8 正常 / 0 异常 / 0 移除（耗时 3.0s）
03:40:27 [INFO] http_client: 代理协议已标准化: socks5:// -> socks5h://
03:40:27 [INFO] http_client: 代理协议已标准化: socks5:// -> socks5h://
03:40:27 [INFO] http_client: 代理协议已标准化: socks5:// -> socks5h://
03:40:27 [INFO] http_client: 代理协议已标准化: socks5:// -> socks5h://
03:40:27 [INFO] http_client: 代理协议已标准化: socks5:// -> socks5h://
03:40:28 [INFO] http_client: 代理协议已标准化: socks5:// -> socks5h://
03:40:28 [INFO] http_client: 代理协议已标准化: socks5:// -> socks5h://
03:40:28 [INFO] http_client: 代理协议已标准化: socks5:// -> socks5h://
03:40:29 [INFO] proxy_health: 健康检查完成: 8 正常 / 0 异常 / 0 移除（耗时 1.0s）
03:45:29 [INFO] http_client: 代理协议已标准化: socks5:// -> socks5h://
03:45:29 [INFO] http_client: 代理协议已标准化: socks5:// -> socks5h://
03:45:29 [INFO] http_client: 代理协议已标准化: socks5:// -> socks5h://
03:45:29 [INFO] http_client: 代理协议已标准化: socks5:// -> socks5h://
03:45:29 [INFO] http_client: 代理协议已标准化: socks5:// -> socks5h://
03:45:29 [INFO] http_client: 代理协议已标准化: socks5:// -> socks5h://
03:45:29 [INFO] http_client: 代理协议已标准化: socks5:// -> socks5h://
03:45:29 [INFO] http_client: 代理协议已标准化: socks5:// -> socks5h://
03:45:37 [INFO] proxy_health: 健康检查完成: 7 正常 / 1 异常 / 0 移除（耗时 8.0s）
03:50:37 [INFO] http_client: 代理协议已标准化: socks5:// -> socks5h://
03:50:37 [INFO] http_client: 代理协议已标准化: socks5:// -> socks5h://
03:50:37 [INFO] http_client: 代理协议已标准化: socks5:// -> socks5h://
03:50:37 [INFO] http_client: 代理协议已标准化: socks5:// -> socks5h://
03:50:37 [INFO] http_client: 代理协议已标准化: socks5:// -> socks5h://
03:50:37 [INFO] http_client: 代理协议已标准化: socks5:// -> socks5h://
03:50:37 [INFO] http_client: 代理协议已标准化: socks5:// -> socks5h://
03:50:37 [INFO] http_client: 代理协议已标准化: socks5:// -> socks5h://
03:50:37 [INFO] proxy_health: 健康检查完成: 8 正常 / 0 异常 / 0 移除（耗时 0.9s）
03:55:37 [INFO] http_client: 代理协议已标准化: socks5:// -> socks5h://
03:55:37 [INFO] http_client: 代理协议已标准化: socks5:// -> socks5h://
03:55:37 [INFO] http_client: 代理协议已标准化: socks5:// -> socks5h://
03:55:37 [INFO] http_client: 代理协议已标准化: socks5:// -> socks5h://
03:55:37 [INFO] http_client: 代理协议已标准化: socks5:// -> socks5h://
03:55:37 [INFO] http_client: 代理协议已标准化: socks5:// -> socks5h://
03:55:37 [INFO] http_client: 代理协议已标准化: socks5:// -> socks5h://
03:55:37 [INFO] http_client: 代理协议已标准化: socks5:// -> socks5h://
03:55:38 [INFO] proxy_health: 健康检查完成: 8 正常 / 0 异常 / 0 移除（耗时 0.9s）
04:00:38 [INFO] http_client: 代理协议已标准化: socks5:// -> socks5h://
04:00:38 [INFO] http_client: 代理协议已标准化: socks5:// -> socks5h://
04:00:38 [INFO] http_client: 代理协议已标准化: socks5:// -> socks5h://
04:00:38 [INFO] http_client: 代理协议已标准化: socks5:// -> socks5h://
04:00:38 [INFO] http_client: 代理协议已标准化: socks5:// -> socks5h://
04:00:38 [INFO] http_client: 代理协议已标准化: socks5:// -> socks5h://
04:00:38 [INFO] http_client: 代理协议已标准化: socks5:// -> socks5h://
04:00:38 [INFO] http_client: 代理协议已标准化: socks5:// -> socks5h://
04:00:39 [INFO] proxy_health: 健康检查完成: 8 正常 / 0 异常 / 0 移除（耗时 0.9s）
04:05:39 [INFO] http_client: 代理协议已标准化: socks5:// -> socks5h://
04:05:39 [INFO] http_client: 代理协议已标准化: socks5:// -> socks5h://
04:05:39 [INFO] http_client: 代理协议已标准化: socks5:// -> socks5h://
04:05:39 [INFO] http_client: 代理协议已标准化: socks5:// -> socks5h://
04:05:39 [INFO] http_client: 代理协议已标准化: socks5:// -> socks5h://
04:05:39 [INFO] http_client: 代理协议已标准化: socks5:// -> socks5h://
04:05:39 [INFO] http_client: 代理协议已标准化: socks5:// -> socks5h://
04:05:39 [INFO] http_client: 代理协议已标准化: socks5:// -> socks5h://
04:05:40 [INFO] proxy_health: 健康检查完成: 8 正常 / 0 异常 / 0 移除（耗时 0.9s）
04:10:40 [INFO] http_client: 代理协议已标准化: socks5:// -> socks5h://
04:10:40 [INFO] http_client: 代理协议已标准化: socks5:// -> socks5h://
04:10:40 [INFO] http_client: 代理协议已标准化: socks5:// -> socks5h://
04:10:40 [INFO] http_client: 代理协议已标准化: socks5:// -> socks5h://
04:10:40 [INFO] http_client: 代理协议已标准化: socks5:// -> socks5h://
04:10:40 [INFO] http_client: 代理协议已标准化: socks5:// -> socks5h://
04:10:40 [INFO] http_client: 代理协议已标准化: socks5:// -> socks5h://
04:10:40 [INFO] http_client: 代理协议已标准化: socks5:// -> socks5h://
04:10:41 [INFO] proxy_health: 健康检查完成: 8 正常 / 0 异常 / 0 移除（耗时 0.9s）
04:15:41 [INFO] http_client: 代理协议已标准化: socks5:// -> socks5h://
04:15:41 [INFO] http_client: 代理协议已标准化: socks5:// -> socks5h://
04:15:41 [INFO] http_client: 代理协议已标准化: socks5:// -> socks5h://
04:15:41 [INFO] http_client: 代理协议已标准化: socks5:// -> socks5h://
04:15:41 [INFO] http_client: 代理协议已标准化: socks5:// -> socks5h://
04:15:41 [INFO] http_client: 代理协议已标准化: socks5:// -> socks5h://
04:15:41 [INFO] http_client: 代理协议已标准化: socks5:// -> socks5h://
04:15:41 [INFO] http_client: 代理协议已标准化: socks5:// -> socks5h://
04:15:42 [INFO] proxy_health: 健康检查完成: 8 正常 / 0 异常 / 0 移除（耗时 0.9s）
04:20:42 [INFO] http_client: 代理协议已标准化: socks5:// -> socks5h://
04:20:42 [INFO] http_client: 代理协议已标准化: socks5:// -> socks5h://
04:20:42 [INFO] http_client: 代理协议已标准化: socks5:// -> socks5h://
04:20:42 [INFO] http_client: 代理协议已标准化: socks5:// -> socks5h://
04:20:42 [INFO] http_client: 代理协议已标准化: socks5:// -> socks5h://
04:20:42 [INFO] http_client: 代理协议已标准化: socks5:// -> socks5h://
04:20:42 [INFO] http_client: 代理协议已标准化: socks5:// -> socks5h://
04:20:42 [INFO] http_client: 代理协议已标准化: socks5:// -> socks5h://
04:20:43 [INFO] proxy_health: 健康检查完成: 8 正常 / 0 异常 / 0 移除（耗时 0.9s）
04:25:43 [INFO] http_client: 代理协议已标准化: socks5:// -> socks5h://
04:25:43 [INFO] http_client: 代理协议已标准化: socks5:// -> socks5h://
04:25:43 [INFO] http_client: 代理协议已标准化: socks5:// -> socks5h://
04:25:43 [INFO] http_client: 代理协议已标准化: socks5:// -> socks5h://
04:25:43 [INFO] http_client: 代理协议已标准化: socks5:// -> socks5h://
04:25:43 [INFO] http_client: 代理协议已标准化: socks5:// -> socks5h://
04:25:43 [INFO] http_client: 代理协议已标准化: socks5:// -> socks5h://
04:25:43 [INFO] http_client: 代理协议已标准化: socks5:// -> socks5h://
04:25:43 [INFO] proxy_health: 健康检查完成: 8 正常 / 0 异常 / 0 移除（耗时 0.9s）
04:30:43 [INFO] http_client: 代理协议已标准化: socks5:// -> socks5h://
04:30:43 [INFO] http_client: 代理协议已标准化: socks5:// -> socks5h://
04:30:43 [INFO] http_client: 代理协议已标准化: socks5:// -> socks5h://
04:30:43 [INFO] http_client: 代理协议已标准化: socks5:// -> socks5h://
04:30:43 [INFO] http_client: 代理协议已标准化: socks5:// -> socks5h://
04:30:43 [INFO] http_client: 代理协议已标准化: socks5:// -> socks5h://
04:30:43 [INFO] http_client: 代理协议已标准化: socks5:// -> socks5h://
04:30:43 [INFO] http_client: 代理协议已标准化: socks5:// -> socks5h://
04:30:44 [INFO] proxy_health: 健康检查完成: 8 正常 / 0 异常 / 0 移除（耗时 0.9s）
04:35:44 [INFO] http_client: 代理协议已标准化: socks5:// -> socks5h://
04:35:44 [INFO] http_client: 代理协议已标准化: socks5:// -> socks5h://
04:35:44 [INFO] http_client: 代理协议已标准化: socks5:// -> socks5h://
04:35:44 [INFO] http_client: 代理协议已标准化: socks5:// -> socks5h://
04:35:44 [INFO] http_client: 代理协议已标准化: socks5:// -> socks5h://
04:35:44 [INFO] http_client: 代理协议已标准化: socks5:// -> socks5h://
04:35:44 [INFO] http_client: 代理协议已标准化: socks5:// -> socks5h://
04:35:44 [INFO] http_client: 代理协议已标准化: socks5:// -> socks5h://
04:35:45 [INFO] proxy_health: 健康检查完成: 8 正常 / 0 异常 / 0 移除（耗时 0.9s）
04:40:45 [INFO] http_client: 代理协议已标准化: socks5:// -> socks5h://
04:40:45 [INFO] http_client: 代理协议已标准化: socks5:// -> socks5h://
04:40:45 [INFO] http_client: 代理协议已标准化: socks5:// -> socks5h://
04:40:45 [INFO] http_client: 代理协议已标准化: socks5:// -> socks5h://
04:40:45 [INFO] http_client: 代理协议已标准化: socks5:// -> socks5h://
04:40:45 [INFO] http_client: 代理协议已标准化: socks5:// -> socks5h://
04:40:45 [INFO] http_client: 代理协议已标准化: socks5:// -> socks5h://
04:40:45 [INFO] http_client: 代理协议已标准化: socks5:// -> socks5h://
04:40:46 [INFO] proxy_health: 健康检查完成: 8 正常 / 0 异常 / 0 移除（耗时 0.9s）
04:45:46 [INFO] http_client: 代理协议已标准化: socks5:// -> socks5h://
04:45:46 [INFO] http_client: 代理协议已标准化: socks5:// -> socks5h://
04:45:46 [INFO] http_client: 代理协议已标准化: socks5:// -> socks5h://
04:45:46 [INFO] http_client: 代理协议已标准化: socks5:// -> socks5h://
04:45:46 [INFO] http_client: 代理协议已标准化: socks5:// -> socks5h://
04:45:46 [INFO] http_client: 代理协议已标准化: socks5:// -> socks5h://
04:45:46 [INFO] http_client: 代理协议已标准化: socks5:// -> socks5h://
04:45:46 [INFO] http_client: 代理协议已标准化: socks5:// -> socks5h://
04:45:48 [INFO] proxy_health: 健康检查完成: 8 正常 / 0 异常 / 0 移除（耗时 1.9s）
04:50:48 [INFO] http_client: 代理协议已标准化: socks5:// -> socks5h://
04:50:48 [INFO] http_client: 代理协议已标准化: socks5:// -> socks5h://
04:50:48 [INFO] http_client: 代理协议已标准化: socks5:// -> socks5h://
04:50:48 [INFO] http_client: 代理协议已标准化: socks5:// -> socks5h://
04:50:48 [INFO] http_client: 代理协议已标准化: socks5:// -> socks5h://
04:50:48 [INFO] http_client: 代理协议已标准化: socks5:// -> socks5h://
04:50:48 [INFO] http_client: 代理协议已标准化: socks5:// -> socks5h://
04:50:48 [INFO] http_client: 代理协议已标准化: socks5:// -> socks5h://
04:50:49 [INFO] proxy_health: 健康检查完成: 8 正常 / 0 异常 / 0 移除（耗时 0.9s）
04:55:49 [INFO] http_client: 代理协议已标准化: socks5:// -> socks5h://
04:55:49 [INFO] http_client: 代理协议已标准化: socks5:// -> socks5h://
04:55:49 [INFO] http_client: 代理协议已标准化: socks5:// -> socks5h://
04:55:49 [INFO] http_client: 代理协议已标准化: socks5:// -> socks5h://
04:55:49 [INFO] http_client: 代理协议已标准化: socks5:// -> socks5h://
04:55:49 [INFO] http_client: 代理协议已标准化: socks5:// -> socks5h://
04:55:49 [INFO] http_client: 代理协议已标准化: socks5:// -> socks5h://
04:55:49 [INFO] http_client: 代理协议已标准化: socks5:// -> socks5h://
04:55:50 [INFO] proxy_health: 健康检查完成: 8 正常 / 0 异常 / 0 移除（耗时 0.9s）
05:00:50 [INFO] http_client: 代理协议已标准化: socks5:// -> socks5h://
05:00:50 [INFO] http_client: 代理协议已标准化: socks5:// -> socks5h://
05:00:50 [INFO] http_client: 代理协议已标准化: socks5:// -> socks5h://
05:00:50 [INFO] http_client: 代理协议已标准化: socks5:// -> socks5h://
05:00:50 [INFO] http_client: 代理协议已标准化: socks5:// -> socks5h://
05:00:50 [INFO] http_client: 代理协议已标准化: socks5:// -> socks5h://
05:00:50 [INFO] http_client: 代理协议已标准化: socks5:// -> socks5h://
05:00:50 [INFO] http_client: 代理协议已标准化: socks5:// -> socks5h://
05:00:51 [INFO] proxy_health: 健康检查完成: 8 正常 / 0 异常 / 0 移除（耗时 0.9s）
05:05:51 [INFO] http_client: 代理协议已标准化: socks5:// -> socks5h://
05:05:51 [INFO] http_client: 代理协议已标准化: socks5:// -> socks5h://
05:05:51 [INFO] http_client: 代理协议已标准化: socks5:// -> socks5h://
05:05:51 [INFO] http_client: 代理协议已标准化: socks5:// -> socks5h://
05:05:51 [INFO] http_client: 代理协议已标准化: socks5:// -> socks5h://
05:05:51 [INFO] http_client: 代理协议已标准化: socks5:// -> socks5h://
05:05:51 [INFO] http_client: 代理协议已标准化: socks5:// -> socks5h://
05:05:51 [INFO] http_client: 代理协议已标准化: socks5:// -> socks5h://
05:05:51 [INFO] proxy_health: 健康检查完成: 8 正常 / 0 异常 / 0 移除（耗时 0.9s）
05:10:51 [INFO] http_client: 代理协议已标准化: socks5:// -> socks5h://
05:10:51 [INFO] http_client: 代理协议已标准化: socks5:// -> socks5h://
05:10:51 [INFO] http_client: 代理协议已标准化: socks5:// -> socks5h://
05:10:51 [INFO] http_client: 代理协议已标准化: socks5:// -> socks5h://
05:10:51 [INFO] http_client: 代理协议已标准化: socks5:// -> socks5h://
05:10:51 [INFO] http_client: 代理协议已标准化: socks5:// -> socks5h://
05:10:51 [INFO] http_client: 代理协议已标准化: socks5:// -> socks5h://
05:10:51 [INFO] http_client: 代理协议已标准化: socks5:// -> socks5h://
05:10:52 [INFO] proxy_health: 健康检查完成: 8 正常 / 0 异常 / 0 移除（耗时 0.9s）
05:15:52 [INFO] http_client: 代理协议已标准化: socks5:// -> socks5h://
05:15:52 [INFO] http_client: 代理协议已标准化: socks5:// -> socks5h://
05:15:52 [INFO] http_client: 代理协议已标准化: socks5:// -> socks5h://
05:15:52 [INFO] http_client: 代理协议已标准化: socks5:// -> socks5h://
05:15:52 [INFO] http_client: 代理协议已标准化: socks5:// -> socks5h://
05:15:52 [INFO] http_client: 代理协议已标准化: socks5:// -> socks5h://
05:15:52 [INFO] http_client: 代理协议已标准化: socks5:// -> socks5h://
05:15:52 [INFO] http_client: 代理协议已标准化: socks5:// -> socks5h://
05:15:53 [INFO] proxy_health: 健康检查完成: 8 正常 / 0 异常 / 0 移除（耗时 0.9s）
05:20:53 [INFO] http_client: 代理协议已标准化: socks5:// -> socks5h://
05:20:53 [INFO] http_client: 代理协议已标准化: socks5:// -> socks5h://
05:20:53 [INFO] http_client: 代理协议已标准化: socks5:// -> socks5h://
05:20:53 [INFO] http_client: 代理协议已标准化: socks5:// -> socks5h://
05:20:53 [INFO] http_client: 代理协议已标准化: socks5:// -> socks5h://
05:20:53 [INFO] http_client: 代理协议已标准化: socks5:// -> socks5h://
05:20:53 [INFO] http_client: 代理协议已标准化: socks5:// -> socks5h://
05:20:53 [INFO] http_client: 代理协议已标准化: socks5:// -> socks5h://
05:20:54 [INFO] proxy_health: 健康检查完成: 8 正常 / 0 异常 / 0 移除（耗时 0.9s）
05:25:54 [INFO] http_client: 代理协议已标准化: socks5:// -> socks5h://
05:25:54 [INFO] http_client: 代理协议已标准化: socks5:// -> socks5h://
05:25:54 [INFO] http_client: 代理协议已标准化: socks5:// -> socks5h://
05:25:54 [INFO] http_client: 代理协议已标准化: socks5:// -> socks5h://
05:25:54 [INFO] http_client: 代理协议已标准化: socks5:// -> socks5h://
05:25:54 [INFO] http_client: 代理协议已标准化: socks5:// -> socks5h://
05:25:54 [INFO] http_client: 代理协议已标准化: socks5:// -> socks5h://
05:25:54 [INFO] http_client: 代理协议已标准化: socks5:// -> socks5h://
05:25:55 [INFO] proxy_health: 健康检查完成: 8 正常 / 0 异常 / 0 移除（耗时 0.9s）
05:30:55 [INFO] http_client: 代理协议已标准化: socks5:// -> socks5h://
05:30:55 [INFO] http_client: 代理协议已标准化: socks5:// -> socks5h://
05:30:55 [INFO] http_client: 代理协议已标准化: socks5:// -> socks5h://
05:30:55 [INFO] http_client: 代理协议已标准化: socks5:// -> socks5h://
05:30:55 [INFO] http_client: 代理协议已标准化: socks5:// -> socks5h://
05:30:55 [INFO] http_client: 代理协议已标准化: socks5:// -> socks5h://
05:30:55 [INFO] http_client: 代理协议已标准化: socks5:// -> socks5h://
05:30:55 [INFO] http_client: 代理协议已标准化: socks5:// -> socks5h://
05:30:56 [INFO] proxy_health: 健康检查完成: 8 正常 / 0 异常 / 0 移除（耗时 0.9s）
05:35:56 [INFO] http_client: 代理协议已标准化: socks5:// -> socks5h://
05:35:56 [INFO] http_client: 代理协议已标准化: socks5:// -> socks5h://
05:35:56 [INFO] http_client: 代理协议已标准化: socks5:// -> socks5h://
05:35:56 [INFO] http_client: 代理协议已标准化: socks5:// -> socks5h://
05:35:56 [INFO] http_client: 代理协议已标准化: socks5:// -> socks5h://
05:35:56 [INFO] http_client: 代理协议已标准化: socks5:// -> socks5h://
05:35:56 [INFO] http_client: 代理协议已标准化: socks5:// -> socks5h://
05:35:56 [INFO] http_client: 代理协议已标准化: socks5:// -> socks5h://
05:35:57 [INFO] proxy_health: 健康检查完成: 8 正常 / 0 异常 / 0 移除（耗时 0.9s）
05:40:57 [INFO] http_client: 代理协议已标准化: socks5:// -> socks5h://
05:40:57 [INFO] http_client: 代理协议已标准化: socks5:// -> socks5h://
05:40:57 [INFO] http_client: 代理协议已标准化: socks5:// -> socks5h://
05:40:57 [INFO] http_client: 代理协议已标准化: socks5:// -> socks5h://
05:40:57 [INFO] http_client: 代理协议已标准化: socks5:// -> socks5h://
05:40:57 [INFO] http_client: 代理协议已标准化: socks5:// -> socks5h://
05:40:57 [INFO] http_client: 代理协议已标准化: socks5:// -> socks5h://
05:40:57 [INFO] http_client: 代理协议已标准化: socks5:// -> socks5h://
05:40:57 [INFO] proxy_health: 健康检查完成: 8 正常 / 0 异常 / 0 移除（耗时 0.9s）
05:45:57 [INFO] http_client: 代理协议已标准化: socks5:// -> socks5h://
05:45:57 [INFO] http_client: 代理协议已标准化: socks5:// -> socks5h://
05:45:57 [INFO] http_client: 代理协议已标准化: socks5:// -> socks5h://
05:45:57 [INFO] http_client: 代理协议已标准化: socks5:// -> socks5h://
05:45:57 [INFO] http_client: 代理协议已标准化: socks5:// -> socks5h://
05:45:57 [INFO] http_client: 代理协议已标准化: socks5:// -> socks5h://
05:45:57 [INFO] http_client: 代理协议已标准化: socks5:// -> socks5h://
05:45:57 [INFO] http_client: 代理协议已标准化: socks5:// -> socks5h://
05:45:58 [INFO] proxy_health: 健康检查完成: 8 正常 / 0 异常 / 0 移除（耗时 0.9s）
05:50:58 [INFO] http_client: 代理协议已标准化: socks5:// -> socks5h://
05:50:58 [INFO] http_client: 代理协议已标准化: socks5:// -> socks5h://
05:50:58 [INFO] http_client: 代理协议已标准化: socks5:// -> socks5h://
05:50:58 [INFO] http_client: 代理协议已标准化: socks5:// -> socks5h://
05:50:58 [INFO] http_client: 代理协议已标准化: socks5:// -> socks5h://
05:50:58 [INFO] http_client: 代理协议已标准化: socks5:// -> socks5h://
05:50:58 [INFO] http_client: 代理协议已标准化: socks5:// -> socks5h://
05:50:58 [INFO] http_client: 代理协议已标准化: socks5:// -> socks5h://
05:50:59 [INFO] proxy_health: 健康检查完成: 8 正常 / 0 异常 / 0 移除（耗时 0.9s）
05:55:59 [INFO] http_client: 代理协议已标准化: socks5:// -> socks5h://
05:55:59 [INFO] http_client: 代理协议已标准化: socks5:// -> socks5h://
05:55:59 [INFO] http_client: 代理协议已标准化: socks5:// -> socks5h://
05:55:59 [INFO] http_client: 代理协议已标准化: socks5:// -> socks5h://
05:55:59 [INFO] http_client: 代理协议已标准化: socks5:// -> socks5h://
05:55:59 [INFO] http_client: 代理协议已标准化: socks5:// -> socks5h://
05:55:59 [INFO] http_client: 代理协议已标准化: socks5:// -> socks5h://
05:55:59 [INFO] http_client: 代理协议已标准化: socks5:// -> socks5h://
05:56:00 [INFO] proxy_health: 健康检查完成: 8 正常 / 0 异常 / 0 移除（耗时 0.9s）
06:01:00 [INFO] http_client: 代理协议已标准化: socks5:// -> socks5h://
06:01:00 [INFO] http_client: 代理协议已标准化: socks5:// -> socks5h://
06:01:00 [INFO] http_client: 代理协议已标准化: socks5:// -> socks5h://
06:01:00 [INFO] http_client: 代理协议已标准化: socks5:// -> socks5h://
06:01:00 [INFO] http_client: 代理协议已标准化: socks5:// -> socks5h://
06:01:00 [INFO] http_client: 代理协议已标准化: socks5:// -> socks5h://
06:01:00 [INFO] http_client: 代理协议已标准化: socks5:// -> socks5h://
06:01:00 [INFO] http_client: 代理协议已标准化: socks5:// -> socks5h://
06:01:01 [INFO] proxy_health: 健康检查完成: 8 正常 / 0 异常 / 0 移除（耗时 0.9s）
06:06:01 [INFO] http_client: 代理协议已标准化: socks5:// -> socks5h://
06:06:01 [INFO] http_client: 代理协议已标准化: socks5:// -> socks5h://
06:06:01 [INFO] http_client: 代理协议已标准化: socks5:// -> socks5h://
06:06:01 [INFO] http_client: 代理协议已标准化: socks5:// -> socks5h://
06:06:01 [INFO] http_client: 代理协议已标准化: socks5:// -> socks5h://
06:06:01 [INFO] http_client: 代理协议已标准化: socks5:// -> socks5h://
06:06:01 [INFO] http_client: 代理协议已标准化: socks5:// -> socks5h://
06:06:01 [INFO] http_client: 代理协议已标准化: socks5:// -> socks5h://
06:06:02 [INFO] proxy_health: 健康检查完成: 8 正常 / 0 异常 / 0 移除（耗时 1.1s）
06:11:02 [INFO] http_client: 代理协议已标准化: socks5:// -> socks5h://
06:11:02 [INFO] http_client: 代理协议已标准化: socks5:// -> socks5h://
06:11:02 [INFO] http_client: 代理协议已标准化: socks5:// -> socks5h://
06:11:02 [INFO] http_client: 代理协议已标准化: socks5:// -> socks5h://
06:11:02 [INFO] http_client: 代理协议已标准化: socks5:// -> socks5h://
06:11:02 [INFO] http_client: 代理协议已标准化: socks5:// -> socks5h://
06:11:02 [INFO] http_client: 代理协议已标准化: socks5:// -> socks5h://
06:11:02 [INFO] http_client: 代理协议已标准化: socks5:// -> socks5h://
06:11:03 [INFO] proxy_health: 健康检查完成: 8 正常 / 0 异常 / 0 移除（耗时 0.9s）
06:16:03 [INFO] http_client: 代理协议已标准化: socks5:// -> socks5h://
06:16:03 [INFO] http_client: 代理协议已标准化: socks5:// -> socks5h://
06:16:03 [INFO] http_client: 代理协议已标准化: socks5:// -> socks5h://
06:16:03 [INFO] http_client: 代理协议已标准化: socks5:// -> socks5h://
06:16:03 [INFO] http_client: 代理协议已标准化: socks5:// -> socks5h://
06:16:03 [INFO] http_client: 代理协议已标准化: socks5:// -> socks5h://
06:16:03 [INFO] http_client: 代理协议已标准化: socks5:// -> socks5h://
06:16:03 [INFO] http_client: 代理协议已标准化: socks5:// -> socks5h://
06:16:04 [INFO] proxy_health: 健康检查完成: 8 正常 / 0 异常 / 0 移除（耗时 0.9s）
06:21:04 [INFO] http_client: 代理协议已标准化: socks5:// -> socks5h://
06:21:04 [INFO] http_client: 代理协议已标准化: socks5:// -> socks5h://
06:21:04 [INFO] http_client: 代理协议已标准化: socks5:// -> socks5h://
06:21:04 [INFO] http_client: 代理协议已标准化: socks5:// -> socks5h://
06:21:04 [INFO] http_client: 代理协议已标准化: socks5:// -> socks5h://
06:21:04 [INFO] http_client: 代理协议已标准化: socks5:// -> socks5h://
06:21:04 [INFO] http_client: 代理协议已标准化: socks5:// -> socks5h://
06:21:04 [INFO] http_client: 代理协议已标准化: socks5:// -> socks5h://
06:21:05 [INFO] proxy_health: 健康检查完成: 8 正常 / 0 异常 / 0 移除（耗时 0.9s）
06:26:05 [INFO] http_client: 代理协议已标准化: socks5:// -> socks5h://
06:26:05 [INFO] http_client: 代理协议已标准化: socks5:// -> socks5h://
06:26:05 [INFO] http_client: 代理协议已标准化: socks5:// -> socks5h://
06:26:05 [INFO] http_client: 代理协议已标准化: socks5:// -> socks5h://
06:26:05 [INFO] http_client: 代理协议已标准化: socks5:// -> socks5h://
06:26:05 [INFO] http_client: 代理协议已标准化: socks5:// -> socks5h://
06:26:05 [INFO] http_client: 代理协议已标准化: socks5:// -> socks5h://
06:26:05 [INFO] http_client: 代理协议已标准化: socks5:// -> socks5h://
06:26:06 [INFO] proxy_health: 健康检查完成: 8 正常 / 0 异常 / 0 移除（耗时 0.9s）
06:31:06 [INFO] http_client: 代理协议已标准化: socks5:// -> socks5h://
06:31:06 [INFO] http_client: 代理协议已标准化: socks5:// -> socks5h://
06:31:06 [INFO] http_client: 代理协议已标准化: socks5:// -> socks5h://
06:31:06 [INFO] http_client: 代理协议已标准化: socks5:// -> socks5h://
06:31:06 [INFO] http_client: 代理协议已标准化: socks5:// -> socks5h://
06:31:06 [INFO] http_client: 代理协议已标准化: socks5:// -> socks5h://
06:31:06 [INFO] http_client: 代理协议已标准化: socks5:// -> socks5h://
06:31:06 [INFO] http_client: 代理协议已标准化: socks5:// -> socks5h://
06:31:06 [INFO] proxy_health: 健康检查完成: 8 正常 / 0 异常 / 0 移除（耗时 0.9s）
06:36:06 [INFO] http_client: 代理协议已标准化: socks5:// -> socks5h://
06:36:06 [INFO] http_client: 代理协议已标准化: socks5:// -> socks5h://
06:36:06 [INFO] http_client: 代理协议已标准化: socks5:// -> socks5h://
06:36:06 [INFO] http_client: 代理协议已标准化: socks5:// -> socks5h://
06:36:06 [INFO] http_client: 代理协议已标准化: socks5:// -> socks5h://
06:36:06 [INFO] http_client: 代理协议已标准化: socks5:// -> socks5h://
06:36:06 [INFO] http_client: 代理协议已标准化: socks5:// -> socks5h://
06:36:06 [INFO] http_client: 代理协议已标准化: socks5:// -> socks5h://
06:36:09 [INFO] proxy_health: 健康检查完成: 8 正常 / 0 异常 / 0 移除（耗时 3.0s）
06:41:09 [INFO] http_client: 代理协议已标准化: socks5:// -> socks5h://
06:41:09 [INFO] http_client: 代理协议已标准化: socks5:// -> socks5h://
06:41:09 [INFO] http_client: 代理协议已标准化: socks5:// -> socks5h://
06:41:09 [INFO] http_client: 代理协议已标准化: socks5:// -> socks5h://
06:41:09 [INFO] http_client: 代理协议已标准化: socks5:// -> socks5h://
06:41:09 [INFO] http_client: 代理协议已标准化: socks5:// -> socks5h://
06:41:09 [INFO] http_client: 代理协议已标准化: socks5:// -> socks5h://
06:41:09 [INFO] http_client: 代理协议已标准化: socks5:// -> socks5h://
06:41:10 [INFO] proxy_health: 健康检查完成: 8 正常 / 0 异常 / 0 移除（耗时 0.9s）
06:46:10 [INFO] http_client: 代理协议已标准化: socks5:// -> socks5h://
06:46:10 [INFO] http_client: 代理协议已标准化: socks5:// -> socks5h://
06:46:10 [INFO] http_client: 代理协议已标准化: socks5:// -> socks5h://
06:46:10 [INFO] http_client: 代理协议已标准化: socks5:// -> socks5h://
06:46:10 [INFO] http_client: 代理协议已标准化: socks5:// -> socks5h://
06:46:10 [INFO] http_client: 代理协议已标准化: socks5:// -> socks5h://
06:46:10 [INFO] http_client: 代理协议已标准化: socks5:// -> socks5h://
06:46:10 [INFO] http_client: 代理协议已标准化: socks5:// -> socks5h://
06:46:13 [INFO] proxy_health: 健康检查完成: 8 正常 / 0 异常 / 0 移除（耗时 3.0s）
06:51:13 [INFO] http_client: 代理协议已标准化: socks5:// -> socks5h://
06:51:13 [INFO] http_client: 代理协议已标准化: socks5:// -> socks5h://
06:51:13 [INFO] http_client: 代理协议已标准化: socks5:// -> socks5h://
06:51:13 [INFO] http_client: 代理协议已标准化: socks5:// -> socks5h://
06:51:13 [INFO] http_client: 代理协议已标准化: socks5:// -> socks5h://
06:51:13 [INFO] http_client: 代理协议已标准化: socks5:// -> socks5h://
06:51:13 [INFO] http_client: 代理协议已标准化: socks5:// -> socks5h://
06:51:13 [INFO] http_client: 代理协议已标准化: socks5:// -> socks5h://
06:51:14 [INFO] proxy_health: 健康检查完成: 8 正常 / 0 异常 / 0 移除（耗时 0.9s）
06:56:14 [INFO] http_client: 代理协议已标准化: socks5:// -> socks5h://
06:56:14 [INFO] http_client: 代理协议已标准化: socks5:// -> socks5h://
06:56:14 [INFO] http_client: 代理协议已标准化: socks5:// -> socks5h://
06:56:14 [INFO] http_client: 代理协议已标准化: socks5:// -> socks5h://
06:56:14 [INFO] http_client: 代理协议已标准化: socks5:// -> socks5h://
06:56:14 [INFO] http_client: 代理协议已标准化: socks5:// -> socks5h://
06:56:14 [INFO] http_client: 代理协议已标准化: socks5:// -> socks5h://
06:56:14 [INFO] http_client: 代理协议已标准化: socks5:// -> socks5h://
06:56:15 [INFO] proxy_health: 健康检查完成: 8 正常 / 0 异常 / 0 移除（耗时 0.9s）
07:01:15 [INFO] http_client: 代理协议已标准化: socks5:// -> socks5h://
07:01:15 [INFO] http_client: 代理协议已标准化: socks5:// -> socks5h://
07:01:15 [INFO] http_client: 代理协议已标准化: socks5:// -> socks5h://
07:01:15 [INFO] http_client: 代理协议已标准化: socks5:// -> socks5h://
07:01:15 [INFO] http_client: 代理协议已标准化: socks5:// -> socks5h://
07:01:15 [INFO] http_client: 代理协议已标准化: socks5:// -> socks5h://
07:01:15 [INFO] http_client: 代理协议已标准化: socks5:// -> socks5h://
07:01:15 [INFO] http_client: 代理协议已标准化: socks5:// -> socks5h://
07:01:16 [INFO] proxy_health: 健康检查完成: 8 正常 / 0 异常 / 0 移除（耗时 0.9s）
07:06:16 [INFO] http_client: 代理协议已标准化: socks5:// -> socks5h://
07:06:16 [INFO] http_client: 代理协议已标准化: socks5:// -> socks5h://
07:06:16 [INFO] http_client: 代理协议已标准化: socks5:// -> socks5h://
07:06:16 [INFO] http_client: 代理协议已标准化: socks5:// -> socks5h://
07:06:16 [INFO] http_client: 代理协议已标准化: socks5:// -> socks5h://
07:06:16 [INFO] http_client: 代理协议已标准化: socks5:// -> socks5h://
07:06:16 [INFO] http_client: 代理协议已标准化: socks5:// -> socks5h://
07:06:16 [INFO] http_client: 代理协议已标准化: socks5:// -> socks5h://
07:06:17 [INFO] proxy_health: 健康检查完成: 8 正常 / 0 异常 / 0 移除（耗时 0.9s）
07:11:17 [INFO] http_client: 代理协议已标准化: socks5:// -> socks5h://
07:11:17 [INFO] http_client: 代理协议已标准化: socks5:// -> socks5h://
07:11:17 [INFO] http_client: 代理协议已标准化: socks5:// -> socks5h://
07:11:17 [INFO] http_client: 代理协议已标准化: socks5:// -> socks5h://
07:11:17 [INFO] http_client: 代理协议已标准化: socks5:// -> socks5h://
07:11:17 [INFO] http_client: 代理协议已标准化: socks5:// -> socks5h://
07:11:17 [INFO] http_client: 代理协议已标准化: socks5:// -> socks5h://
07:11:17 [INFO] http_client: 代理协议已标准化: socks5:// -> socks5h://
07:11:17 [INFO] proxy_health: 健康检查完成: 8 正常 / 0 异常 / 0 移除（耗时 0.9s）
07:16:17 [INFO] http_client: 代理协议已标准化: socks5:// -> socks5h://
07:16:17 [INFO] http_client: 代理协议已标准化: socks5:// -> socks5h://
07:16:17 [INFO] http_client: 代理协议已标准化: socks5:// -> socks5h://
07:16:17 [INFO] http_client: 代理协议已标准化: socks5:// -> socks5h://
07:16:17 [INFO] http_client: 代理协议已标准化: socks5:// -> socks5h://
07:16:17 [INFO] http_client: 代理协议已标准化: socks5:// -> socks5h://
07:16:17 [INFO] http_client: 代理协议已标准化: socks5:// -> socks5h://
07:16:17 [INFO] http_client: 代理协议已标准化: socks5:// -> socks5h://
07:16:19 [INFO] proxy_health: 健康检查完成: 8 正常 / 0 异常 / 0 移除（耗时 1.1s）
07:21:19 [INFO] http_client: 代理协议已标准化: socks5:// -> socks5h://
07:21:19 [INFO] http_client: 代理协议已标准化: socks5:// -> socks5h://
07:21:19 [INFO] http_client: 代理协议已标准化: socks5:// -> socks5h://
07:21:19 [INFO] http_client: 代理协议已标准化: socks5:// -> socks5h://
07:21:19 [INFO] http_client: 代理协议已标准化: socks5:// -> socks5h://
07:21:19 [INFO] http_client: 代理协议已标准化: socks5:// -> socks5h://
07:21:19 [INFO] http_client: 代理协议已标准化: socks5:// -> socks5h://
07:21:19 [INFO] http_client: 代理协议已标准化: socks5:// -> socks5h://
07:21:19 [INFO] proxy_health: 健康检查完成: 8 正常 / 0 异常 / 0 移除（耗时 0.9s）
07:26:19 [INFO] http_client: 代理协议已标准化: socks5:// -> socks5h://
07:26:19 [INFO] http_client: 代理协议已标准化: socks5:// -> socks5h://
07:26:19 [INFO] http_client: 代理协议已标准化: socks5:// -> socks5h://
07:26:19 [INFO] http_client: 代理协议已标准化: socks5:// -> socks5h://
07:26:19 [INFO] http_client: 代理协议已标准化: socks5:// -> socks5h://
07:26:19 [INFO] http_client: 代理协议已标准化: socks5:// -> socks5h://
07:26:19 [INFO] http_client: 代理协议已标准化: socks5:// -> socks5h://
07:26:19 [INFO] http_client: 代理协议已标准化: socks5:// -> socks5h://
07:26:20 [INFO] proxy_health: 健康检查完成: 8 正常 / 0 异常 / 0 移除（耗时 0.9s）
07:31:20 [INFO] http_client: 代理协议已标准化: socks5:// -> socks5h://
07:31:20 [INFO] http_client: 代理协议已标准化: socks5:// -> socks5h://
07:31:20 [INFO] http_client: 代理协议已标准化: socks5:// -> socks5h://
07:31:20 [INFO] http_client: 代理协议已标准化: socks5:// -> socks5h://
07:31:20 [INFO] http_client: 代理协议已标准化: socks5:// -> socks5h://
07:31:20 [INFO] http_client: 代理协议已标准化: socks5:// -> socks5h://
07:31:20 [INFO] http_client: 代理协议已标准化: socks5:// -> socks5h://
07:31:20 [INFO] http_client: 代理协议已标准化: socks5:// -> socks5h://
07:31:21 [INFO] proxy_health: 健康检查完成: 8 正常 / 0 异常 / 0 移除（耗时 0.9s）
07:36:21 [INFO] http_client: 代理协议已标准化: socks5:// -> socks5h://
07:36:21 [INFO] http_client: 代理协议已标准化: socks5:// -> socks5h://
07:36:21 [INFO] http_client: 代理协议已标准化: socks5:// -> socks5h://
07:36:21 [INFO] http_client: 代理协议已标准化: socks5:// -> socks5h://
07:36:21 [INFO] http_client: 代理协议已标准化: socks5:// -> socks5h://
07:36:21 [INFO] http_client: 代理协议已标准化: socks5:// -> socks5h://
07:36:21 [INFO] http_client: 代理协议已标准化: socks5:// -> socks5h://
07:36:21 [INFO] http_client: 代理协议已标准化: socks5:// -> socks5h://
07:36:22 [INFO] proxy_health: 健康检查完成: 8 正常 / 0 异常 / 0 移除（耗时 0.9s）
07:41:22 [INFO] http_client: 代理协议已标准化: socks5:// -> socks5h://
07:41:22 [INFO] http_client: 代理协议已标准化: socks5:// -> socks5h://
07:41:22 [INFO] http_client: 代理协议已标准化: socks5:// -> socks5h://
07:41:22 [INFO] http_client: 代理协议已标准化: socks5:// -> socks5h://
07:41:22 [INFO] http_client: 代理协议已标准化: socks5:// -> socks5h://
07:41:22 [INFO] http_client: 代理协议已标准化: socks5:// -> socks5h://
07:41:22 [INFO] http_client: 代理协议已标准化: socks5:// -> socks5h://
07:41:22 [INFO] http_client: 代理协议已标准化: socks5:// -> socks5h://
07:41:25 [INFO] proxy_health: 健康检查完成: 8 正常 / 0 异常 / 0 移除（耗时 3.0s）
07:46:25 [INFO] http_client: 代理协议已标准化: socks5:// -> socks5h://
07:46:25 [INFO] http_client: 代理协议已标准化: socks5:// -> socks5h://
07:46:25 [INFO] http_client: 代理协议已标准化: socks5:// -> socks5h://
07:46:25 [INFO] http_client: 代理协议已标准化: socks5:// -> socks5h://
07:46:25 [INFO] http_client: 代理协议已标准化: socks5:// -> socks5h://
07:46:25 [INFO] http_client: 代理协议已标准化: socks5:// -> socks5h://
07:46:25 [INFO] http_client: 代理协议已标准化: socks5:// -> socks5h://
07:46:25 [INFO] http_client: 代理协议已标准化: socks5:// -> socks5h://
07:46:26 [INFO] proxy_health: 健康检查完成: 8 正常 / 0 异常 / 0 移除（耗时 0.9s）
07:51:26 [INFO] http_client: 代理协议已标准化: socks5:// -> socks5h://
07:51:26 [INFO] http_client: 代理协议已标准化: socks5:// -> socks5h://
07:51:26 [INFO] http_client: 代理协议已标准化: socks5:// -> socks5h://
07:51:26 [INFO] http_client: 代理协议已标准化: socks5:// -> socks5h://
07:51:26 [INFO] http_client: 代理协议已标准化: socks5:// -> socks5h://
07:51:26 [INFO] http_client: 代理协议已标准化: socks5:// -> socks5h://
07:51:26 [INFO] http_client: 代理协议已标准化: socks5:// -> socks5h://
07:51:26 [INFO] http_client: 代理协议已标准化: socks5:// -> socks5h://
07:51:34 [INFO] proxy_health: 健康检查完成: 7 正常 / 1 异常 / 0 移除（耗时 8.0s）
07:56:34 [INFO] http_client: 代理协议已标准化: socks5:// -> socks5h://
07:56:34 [INFO] http_client: 代理协议已标准化: socks5:// -> socks5h://
07:56:34 [INFO] http_client: 代理协议已标准化: socks5:// -> socks5h://
07:56:34 [INFO] http_client: 代理协议已标准化: socks5:// -> socks5h://
07:56:34 [INFO] http_client: 代理协议已标准化: socks5:// -> socks5h://
07:56:34 [INFO] http_client: 代理协议已标准化: socks5:// -> socks5h://
07:56:34 [INFO] http_client: 代理协议已标准化: socks5:// -> socks5h://
07:56:34 [INFO] http_client: 代理协议已标准化: socks5:// -> socks5h://
07:56:35 [INFO] proxy_health: 健康检查完成: 8 正常 / 0 异常 / 0 移除（耗时 0.9s）
08:01:35 [INFO] http_client: 代理协议已标准化: socks5:// -> socks5h://
08:01:35 [INFO] http_client: 代理协议已标准化: socks5:// -> socks5h://
08:01:35 [INFO] http_client: 代理协议已标准化: socks5:// -> socks5h://
08:01:35 [INFO] http_client: 代理协议已标准化: socks5:// -> socks5h://
08:01:35 [INFO] http_client: 代理协议已标准化: socks5:// -> socks5h://
08:01:35 [INFO] http_client: 代理协议已标准化: socks5:// -> socks5h://
08:01:35 [INFO] http_client: 代理协议已标准化: socks5:// -> socks5h://
08:01:35 [INFO] http_client: 代理协议已标准化: socks5:// -> socks5h://
08:01:36 [INFO] proxy_health: 健康检查完成: 8 正常 / 0 异常 / 0 移除（耗时 0.9s）
08:06:36 [INFO] http_client: 代理协议已标准化: socks5:// -> socks5h://
08:06:36 [INFO] http_client: 代理协议已标准化: socks5:// -> socks5h://
08:06:36 [INFO] http_client: 代理协议已标准化: socks5:// -> socks5h://
08:06:36 [INFO] http_client: 代理协议已标准化: socks5:// -> socks5h://
08:06:36 [INFO] http_client: 代理协议已标准化: socks5:// -> socks5h://
08:06:36 [INFO] http_client: 代理协议已标准化: socks5:// -> socks5h://
08:06:36 [INFO] http_client: 代理协议已标准化: socks5:// -> socks5h://
08:06:36 [INFO] http_client: 代理协议已标准化: socks5:// -> socks5h://
08:06:36 [INFO] proxy_health: 健康检查完成: 8 正常 / 0 异常 / 0 移除（耗时 0.9s）
08:11:37 [INFO] http_client: 代理协议已标准化: socks5:// -> socks5h://
08:11:37 [INFO] http_client: 代理协议已标准化: socks5:// -> socks5h://
08:11:37 [INFO] http_client: 代理协议已标准化: socks5:// -> socks5h://
08:11:37 [INFO] http_client: 代理协议已标准化: socks5:// -> socks5h://
08:11:37 [INFO] http_client: 代理协议已标准化: socks5:// -> socks5h://
08:11:37 [INFO] http_client: 代理协议已标准化: socks5:// -> socks5h://
08:11:37 [INFO] http_client: 代理协议已标准化: socks5:// -> socks5h://
08:11:37 [INFO] http_client: 代理协议已标准化: socks5:// -> socks5h://
08:11:37 [INFO] proxy_health: 健康检查完成: 8 正常 / 0 异常 / 0 移除（耗时 0.9s）
08:16:37 [INFO] http_client: 代理协议已标准化: socks5:// -> socks5h://
08:16:37 [INFO] http_client: 代理协议已标准化: socks5:// -> socks5h://
08:16:37 [INFO] http_client: 代理协议已标准化: socks5:// -> socks5h://
08:16:37 [INFO] http_client: 代理协议已标准化: socks5:// -> socks5h://
08:16:37 [INFO] http_client: 代理协议已标准化: socks5:// -> socks5h://
08:16:37 [INFO] http_client: 代理协议已标准化: socks5:// -> socks5h://
08:16:37 [INFO] http_client: 代理协议已标准化: socks5:// -> socks5h://
08:16:37 [INFO] http_client: 代理协议已标准化: socks5:// -> socks5h://
08:16:38 [INFO] proxy_health: 健康检查完成: 8 正常 / 0 异常 / 0 移除（耗时 0.9s）
08:21:38 [INFO] http_client: 代理协议已标准化: socks5:// -> socks5h://
08:21:38 [INFO] http_client: 代理协议已标准化: socks5:// -> socks5h://
08:21:38 [INFO] http_client: 代理协议已标准化: socks5:// -> socks5h://
08:21:38 [INFO] http_client: 代理协议已标准化: socks5:// -> socks5h://
08:21:38 [INFO] http_client: 代理协议已标准化: socks5:// -> socks5h://
08:21:38 [INFO] http_client: 代理协议已标准化: socks5:// -> socks5h://
08:21:38 [INFO] http_client: 代理协议已标准化: socks5:// -> socks5h://
08:21:38 [INFO] http_client: 代理协议已标准化: socks5:// -> socks5h://
08:21:39 [INFO] proxy_health: 健康检查完成: 8 正常 / 0 异常 / 0 移除（耗时 0.9s）
08:26:39 [INFO] http_client: 代理协议已标准化: socks5:// -> socks5h://
08:26:39 [INFO] http_client: 代理协议已标准化: socks5:// -> socks5h://
08:26:39 [INFO] http_client: 代理协议已标准化: socks5:// -> socks5h://
08:26:39 [INFO] http_client: 代理协议已标准化: socks5:// -> socks5h://
08:26:39 [INFO] http_client: 代理协议已标准化: socks5:// -> socks5h://
08:26:39 [INFO] http_client: 代理协议已标准化: socks5:// -> socks5h://
08:26:39 [INFO] http_client: 代理协议已标准化: socks5:// -> socks5h://
08:26:39 [INFO] http_client: 代理协议已标准化: socks5:// -> socks5h://
08:26:40 [INFO] proxy_health: 健康检查完成: 8 正常 / 0 异常 / 0 移除（耗时 0.9s）
08:31:40 [INFO] http_client: 代理协议已标准化: socks5:// -> socks5h://
08:31:40 [INFO] http_client: 代理协议已标准化: socks5:// -> socks5h://
08:31:40 [INFO] http_client: 代理协议已标准化: socks5:// -> socks5h://
08:31:40 [INFO] http_client: 代理协议已标准化: socks5:// -> socks5h://
08:31:40 [INFO] http_client: 代理协议已标准化: socks5:// -> socks5h://
08:31:40 [INFO] http_client: 代理协议已标准化: socks5:// -> socks5h://
08:31:40 [INFO] http_client: 代理协议已标准化: socks5:// -> socks5h://
08:31:40 [INFO] http_client: 代理协议已标准化: socks5:// -> socks5h://
08:31:41 [INFO] proxy_health: 健康检查完成: 8 正常 / 0 异常 / 0 移除（耗时 0.9s）
08:36:41 [INFO] http_client: 代理协议已标准化: socks5:// -> socks5h://
08:36:41 [INFO] http_client: 代理协议已标准化: socks5:// -> socks5h://
08:36:41 [INFO] http_client: 代理协议已标准化: socks5:// -> socks5h://
08:36:41 [INFO] http_client: 代理协议已标准化: socks5:// -> socks5h://
08:36:41 [INFO] http_client: 代理协议已标准化: socks5:// -> socks5h://
08:36:41 [INFO] http_client: 代理协议已标准化: socks5:// -> socks5h://
08:36:41 [INFO] http_client: 代理协议已标准化: socks5:// -> socks5h://
08:36:41 [INFO] http_client: 代理协议已标准化: socks5:// -> socks5h://
08:36:42 [INFO] proxy_health: 健康检查完成: 8 正常 / 0 异常 / 0 移除（耗时 0.9s）
08:41:42 [INFO] http_client: 代理协议已标准化: socks5:// -> socks5h://
08:41:42 [INFO] http_client: 代理协议已标准化: socks5:// -> socks5h://
08:41:42 [INFO] http_client: 代理协议已标准化: socks5:// -> socks5h://
08:41:42 [INFO] http_client: 代理协议已标准化: socks5:// -> socks5h://
08:41:42 [INFO] http_client: 代理协议已标准化: socks5:// -> socks5h://
08:41:42 [INFO] http_client: 代理协议已标准化: socks5:// -> socks5h://
08:41:42 [INFO] http_client: 代理协议已标准化: socks5:// -> socks5h://
08:41:42 [INFO] http_client: 代理协议已标准化: socks5:// -> socks5h://
08:41:43 [INFO] proxy_health: 健康检查完成: 8 正常 / 0 异常 / 0 移除（耗时 0.9s）
08:46:43 [INFO] http_client: 代理协议已标准化: socks5:// -> socks5h://
08:46:43 [INFO] http_client: 代理协议已标准化: socks5:// -> socks5h://
08:46:43 [INFO] http_client: 代理协议已标准化: socks5:// -> socks5h://
08:46:43 [INFO] http_client: 代理协议已标准化: socks5:// -> socks5h://
08:46:43 [INFO] http_client: 代理协议已标准化: socks5:// -> socks5h://
08:46:43 [INFO] http_client: 代理协议已标准化: socks5:// -> socks5h://
08:46:43 [INFO] http_client: 代理协议已标准化: socks5:// -> socks5h://
08:46:43 [INFO] http_client: 代理协议已标准化: socks5:// -> socks5h://
08:46:43 [INFO] proxy_health: 健康检查完成: 8 正常 / 0 异常 / 0 移除（耗时 0.9s）
08:51:43 [INFO] http_client: 代理协议已标准化: socks5:// -> socks5h://
08:51:43 [INFO] http_client: 代理协议已标准化: socks5:// -> socks5h://
08:51:43 [INFO] http_client: 代理协议已标准化: socks5:// -> socks5h://
08:51:43 [INFO] http_client: 代理协议已标准化: socks5:// -> socks5h://
08:51:43 [INFO] http_client: 代理协议已标准化: socks5:// -> socks5h://
08:51:43 [INFO] http_client: 代理协议已标准化: socks5:// -> socks5h://
08:51:43 [INFO] http_client: 代理协议已标准化: socks5:// -> socks5h://
08:51:43 [INFO] http_client: 代理协议已标准化: socks5:// -> socks5h://
08:51:44 [INFO] proxy_health: 健康检查完成: 8 正常 / 0 异常 / 0 移除（耗时 0.9s）
08:56:44 [INFO] http_client: 代理协议已标准化: socks5:// -> socks5h://
08:56:44 [INFO] http_client: 代理协议已标准化: socks5:// -> socks5h://
08:56:44 [INFO] http_client: 代理协议已标准化: socks5:// -> socks5h://
08:56:44 [INFO] http_client: 代理协议已标准化: socks5:// -> socks5h://
08:56:44 [INFO] http_client: 代理协议已标准化: socks5:// -> socks5h://
08:56:44 [INFO] http_client: 代理协议已标准化: socks5:// -> socks5h://
08:56:44 [INFO] http_client: 代理协议已标准化: socks5:// -> socks5h://
08:56:44 [INFO] http_client: 代理协议已标准化: socks5:// -> socks5h://
08:56:45 [INFO] proxy_health: 健康检查完成: 8 正常 / 0 异常 / 0 移除（耗时 0.9s）
09:01:45 [INFO] http_client: 代理协议已标准化: socks5:// -> socks5h://
09:01:45 [INFO] http_client: 代理协议已标准化: socks5:// -> socks5h://
09:01:45 [INFO] http_client: 代理协议已标准化: socks5:// -> socks5h://
09:01:45 [INFO] http_client: 代理协议已标准化: socks5:// -> socks5h://
09:01:45 [INFO] http_client: 代理协议已标准化: socks5:// -> socks5h://
09:01:45 [INFO] http_client: 代理协议已标准化: socks5:// -> socks5h://
09:01:45 [INFO] http_client: 代理协议已标准化: socks5:// -> socks5h://
09:01:45 [INFO] http_client: 代理协议已标准化: socks5:// -> socks5h://
09:01:46 [INFO] proxy_health: 健康检查完成: 8 正常 / 0 异常 / 0 移除（耗时 0.9s）
09:06:46 [INFO] http_client: 代理协议已标准化: socks5:// -> socks5h://
09:06:46 [INFO] http_client: 代理协议已标准化: socks5:// -> socks5h://
09:06:46 [INFO] http_client: 代理协议已标准化: socks5:// -> socks5h://
09:06:46 [INFO] http_client: 代理协议已标准化: socks5:// -> socks5h://
09:06:46 [INFO] http_client: 代理协议已标准化: socks5:// -> socks5h://
09:06:46 [INFO] http_client: 代理协议已标准化: socks5:// -> socks5h://
09:06:46 [INFO] http_client: 代理协议已标准化: socks5:// -> socks5h://
09:06:46 [INFO] http_client: 代理协议已标准化: socks5:// -> socks5h://
09:06:47 [INFO] proxy_health: 健康检查完成: 8 正常 / 0 异常 / 0 移除（耗时 0.9s）
09:11:47 [INFO] http_client: 代理协议已标准化: socks5:// -> socks5h://
09:11:47 [INFO] http_client: 代理协议已标准化: socks5:// -> socks5h://
09:11:47 [INFO] http_client: 代理协议已标准化: socks5:// -> socks5h://
09:11:47 [INFO] http_client: 代理协议已标准化: socks5:// -> socks5h://
09:11:47 [INFO] http_client: 代理协议已标准化: socks5:// -> socks5h://
09:11:47 [INFO] http_client: 代理协议已标准化: socks5:// -> socks5h://
09:11:47 [INFO] http_client: 代理协议已标准化: socks5:// -> socks5h://
09:11:47 [INFO] http_client: 代理协议已标准化: socks5:// -> socks5h://
09:11:48 [INFO] proxy_health: 健康检查完成: 8 正常 / 0 异常 / 0 移除（耗时 1.1s）
09:16:48 [INFO] http_client: 代理协议已标准化: socks5:// -> socks5h://
09:16:48 [INFO] http_client: 代理协议已标准化: socks5:// -> socks5h://
09:16:48 [INFO] http_client: 代理协议已标准化: socks5:// -> socks5h://
09:16:48 [INFO] http_client: 代理协议已标准化: socks5:// -> socks5h://
09:16:48 [INFO] http_client: 代理协议已标准化: socks5:// -> socks5h://
09:16:48 [INFO] http_client: 代理协议已标准化: socks5:// -> socks5h://
09:16:48 [INFO] http_client: 代理协议已标准化: socks5:// -> socks5h://
09:16:48 [INFO] http_client: 代理协议已标准化: socks5:// -> socks5h://
09:16:49 [INFO] proxy_health: 健康检查完成: 8 正常 / 0 异常 / 0 移除（耗时 0.9s）
09:21:49 [INFO] http_client: 代理协议已标准化: socks5:// -> socks5h://
09:21:49 [INFO] http_client: 代理协议已标准化: socks5:// -> socks5h://
09:21:49 [INFO] http_client: 代理协议已标准化: socks5:// -> socks5h://
09:21:49 [INFO] http_client: 代理协议已标准化: socks5:// -> socks5h://
09:21:49 [INFO] http_client: 代理协议已标准化: socks5:// -> socks5h://
09:21:49 [INFO] http_client: 代理协议已标准化: socks5:// -> socks5h://
09:21:49 [INFO] http_client: 代理协议已标准化: socks5:// -> socks5h://
09:21:49 [INFO] http_client: 代理协议已标准化: socks5:// -> socks5h://
09:21:50 [INFO] proxy_health: 健康检查完成: 8 正常 / 0 异常 / 0 移除（耗时 0.9s）
09:26:50 [INFO] http_client: 代理协议已标准化: socks5:// -> socks5h://
09:26:50 [INFO] http_client: 代理协议已标准化: socks5:// -> socks5h://
09:26:50 [INFO] http_client: 代理协议已标准化: socks5:// -> socks5h://
09:26:50 [INFO] http_client: 代理协议已标准化: socks5:// -> socks5h://
09:26:50 [INFO] http_client: 代理协议已标准化: socks5:// -> socks5h://
09:26:50 [INFO] http_client: 代理协议已标准化: socks5:// -> socks5h://
09:26:50 [INFO] http_client: 代理协议已标准化: socks5:// -> socks5h://
09:26:50 [INFO] http_client: 代理协议已标准化: socks5:// -> socks5h://
09:26:51 [INFO] proxy_health: 健康检查完成: 8 正常 / 0 异常 / 0 移除（耗时 1.0s）
09:31:51 [INFO] http_client: 代理协议已标准化: socks5:// -> socks5h://
09:31:51 [INFO] http_client: 代理协议已标准化: socks5:// -> socks5h://
09:31:51 [INFO] http_client: 代理协议已标准化: socks5:// -> socks5h://
09:31:51 [INFO] http_client: 代理协议已标准化: socks5:// -> socks5h://
09:31:51 [INFO] http_client: 代理协议已标准化: socks5:// -> socks5h://
09:31:51 [INFO] http_client: 代理协议已标准化: socks5:// -> socks5h://
09:31:51 [INFO] http_client: 代理协议已标准化: socks5:// -> socks5h://
09:31:51 [INFO] http_client: 代理协议已标准化: socks5:// -> socks5h://
09:31:52 [INFO] proxy_health: 健康检查完成: 8 正常 / 0 异常 / 0 移除（耗时 0.9s）
09:36:52 [INFO] http_client: 代理协议已标准化: socks5:// -> socks5h://
09:36:52 [INFO] http_client: 代理协议已标准化: socks5:// -> socks5h://
09:36:52 [INFO] http_client: 代理协议已标准化: socks5:// -> socks5h://
09:36:52 [INFO] http_client: 代理协议已标准化: socks5:// -> socks5h://
09:36:52 [INFO] http_client: 代理协议已标准化: socks5:// -> socks5h://
09:36:52 [INFO] http_client: 代理协议已标准化: socks5:// -> socks5h://
09:36:52 [INFO] http_client: 代理协议已标准化: socks5:// -> socks5h://
09:36:52 [INFO] http_client: 代理协议已标准化: socks5:// -> socks5h://
09:36:53 [INFO] proxy_health: 健康检查完成: 8 正常 / 0 异常 / 0 移除（耗时 0.9s）
09:41:53 [INFO] http_client: 代理协议已标准化: socks5:// -> socks5h://
09:41:53 [INFO] http_client: 代理协议已标准化: socks5:// -> socks5h://
09:41:53 [INFO] http_client: 代理协议已标准化: socks5:// -> socks5h://
09:41:53 [INFO] http_client: 代理协议已标准化: socks5:// -> socks5h://
09:41:53 [INFO] http_client: 代理协议已标准化: socks5:// -> socks5h://
09:41:53 [INFO] http_client: 代理协议已标准化: socks5:// -> socks5h://
09:41:53 [INFO] http_client: 代理协议已标准化: socks5:// -> socks5h://
09:41:53 [INFO] http_client: 代理协议已标准化: socks5:// -> socks5h://
09:41:53 [INFO] proxy_health: 健康检查完成: 8 正常 / 0 异常 / 0 移除（耗时 0.9s）
09:46:53 [INFO] http_client: 代理协议已标准化: socks5:// -> socks5h://
09:46:53 [INFO] http_client: 代理协议已标准化: socks5:// -> socks5h://
09:46:53 [INFO] http_client: 代理协议已标准化: socks5:// -> socks5h://
09:46:53 [INFO] http_client: 代理协议已标准化: socks5:// -> socks5h://
09:46:53 [INFO] http_client: 代理协议已标准化: socks5:// -> socks5h://
09:46:53 [INFO] http_client: 代理协议已标准化: socks5:// -> socks5h://
09:46:53 [INFO] http_client: 代理协议已标准化: socks5:// -> socks5h://
09:46:53 [INFO] http_client: 代理协议已标准化: socks5:// -> socks5h://
09:46:54 [INFO] proxy_health: 健康检查完成: 8 正常 / 0 异常 / 0 移除（耗时 0.9s）
09:51:54 [INFO] http_client: 代理协议已标准化: socks5:// -> socks5h://
09:51:54 [INFO] http_client: 代理协议已标准化: socks5:// -> socks5h://
09:51:54 [INFO] http_client: 代理协议已标准化: socks5:// -> socks5h://
09:51:54 [INFO] http_client: 代理协议已标准化: socks5:// -> socks5h://
09:51:54 [INFO] http_client: 代理协议已标准化: socks5:// -> socks5h://
09:51:54 [INFO] http_client: 代理协议已标准化: socks5:// -> socks5h://
09:51:54 [INFO] http_client: 代理协议已标准化: socks5:// -> socks5h://
09:51:54 [INFO] http_client: 代理协议已标准化: socks5:// -> socks5h://
09:51:55 [INFO] proxy_health: 健康检查完成: 8 正常 / 0 异常 / 0 移除（耗时 0.9s）
09:56:55 [INFO] http_client: 代理协议已标准化: socks5:// -> socks5h://
09:56:55 [INFO] http_client: 代理协议已标准化: socks5:// -> socks5h://
09:56:55 [INFO] http_client: 代理协议已标准化: socks5:// -> socks5h://
09:56:55 [INFO] http_client: 代理协议已标准化: socks5:// -> socks5h://
09:56:55 [INFO] http_client: 代理协议已标准化: socks5:// -> socks5h://
09:56:55 [INFO] http_client: 代理协议已标准化: socks5:// -> socks5h://
09:56:55 [INFO] http_client: 代理协议已标准化: socks5:// -> socks5h://
09:56:55 [INFO] http_client: 代理协议已标准化: socks5:// -> socks5h://
09:56:56 [INFO] proxy_health: 健康检查完成: 8 正常 / 0 异常 / 0 移除（耗时 0.9s）
10:01:56 [INFO] http_client: 代理协议已标准化: socks5:// -> socks5h://
10:01:56 [INFO] http_client: 代理协议已标准化: socks5:// -> socks5h://
10:01:56 [INFO] http_client: 代理协议已标准化: socks5:// -> socks5h://
10:01:56 [INFO] http_client: 代理协议已标准化: socks5:// -> socks5h://
10:01:56 [INFO] http_client: 代理协议已标准化: socks5:// -> socks5h://
10:01:56 [INFO] http_client: 代理协议已标准化: socks5:// -> socks5h://
10:01:56 [INFO] http_client: 代理协议已标准化: socks5:// -> socks5h://
10:01:56 [INFO] http_client: 代理协议已标准化: socks5:// -> socks5h://
10:01:57 [INFO] proxy_health: 健康检查完成: 8 正常 / 0 异常 / 0 移除（耗时 0.9s）
10:06:57 [INFO] http_client: 代理协议已标准化: socks5:// -> socks5h://
10:06:57 [INFO] http_client: 代理协议已标准化: socks5:// -> socks5h://
10:06:57 [INFO] http_client: 代理协议已标准化: socks5:// -> socks5h://
10:06:57 [INFO] http_client: 代理协议已标准化: socks5:// -> socks5h://
10:06:57 [INFO] http_client: 代理协议已标准化: socks5:// -> socks5h://
10:06:57 [INFO] http_client: 代理协议已标准化: socks5:// -> socks5h://
10:06:57 [INFO] http_client: 代理协议已标准化: socks5:// -> socks5h://
10:06:57 [INFO] http_client: 代理协议已标准化: socks5:// -> socks5h://
10:06:58 [INFO] proxy_health: 健康检查完成: 8 正常 / 0 异常 / 0 移除（耗时 0.9s）
10:11:58 [INFO] http_client: 代理协议已标准化: socks5:// -> socks5h://
10:11:58 [INFO] http_client: 代理协议已标准化: socks5:// -> socks5h://
10:11:58 [INFO] http_client: 代理协议已标准化: socks5:// -> socks5h://
10:11:58 [INFO] http_client: 代理协议已标准化: socks5:// -> socks5h://
10:11:58 [INFO] http_client: 代理协议已标准化: socks5:// -> socks5h://
10:11:58 [INFO] http_client: 代理协议已标准化: socks5:// -> socks5h://
10:11:58 [INFO] http_client: 代理协议已标准化: socks5:// -> socks5h://
10:11:58 [INFO] http_client: 代理协议已标准化: socks5:// -> socks5h://
10:11:59 [INFO] proxy_health: 健康检查完成: 8 正常 / 0 异常 / 0 移除（耗时 0.9s）
10:16:59 [INFO] http_client: 代理协议已标准化: socks5:// -> socks5h://
10:16:59 [INFO] http_client: 代理协议已标准化: socks5:// -> socks5h://
10:16:59 [INFO] http_client: 代理协议已标准化: socks5:// -> socks5h://
10:16:59 [INFO] http_client: 代理协议已标准化: socks5:// -> socks5h://
10:16:59 [INFO] http_client: 代理协议已标准化: socks5:// -> socks5h://
10:16:59 [INFO] http_client: 代理协议已标准化: socks5:// -> socks5h://
10:16:59 [INFO] http_client: 代理协议已标准化: socks5:// -> socks5h://
10:16:59 [INFO] http_client: 代理协议已标准化: socks5:// -> socks5h://
10:16:59 [INFO] proxy_health: 健康检查完成: 8 正常 / 0 异常 / 0 移除（耗时 0.9s）
10:21:59 [INFO] http_client: 代理协议已标准化: socks5:// -> socks5h://
10:21:59 [INFO] http_client: 代理协议已标准化: socks5:// -> socks5h://
10:21:59 [INFO] http_client: 代理协议已标准化: socks5:// -> socks5h://
10:21:59 [INFO] http_client: 代理协议已标准化: socks5:// -> socks5h://
10:21:59 [INFO] http_client: 代理协议已标准化: socks5:// -> socks5h://
10:21:59 [INFO] http_client: 代理协议已标准化: socks5:// -> socks5h://
10:21:59 [INFO] http_client: 代理协议已标准化: socks5:// -> socks5h://
10:21:59 [INFO] http_client: 代理协议已标准化: socks5:// -> socks5h://
10:22:00 [INFO] proxy_health: 健康检查完成: 8 正常 / 0 异常 / 0 移除（耗时 0.9s）
10:27:00 [INFO] http_client: 代理协议已标准化: socks5:// -> socks5h://
10:27:00 [INFO] http_client: 代理协议已标准化: socks5:// -> socks5h://
10:27:00 [INFO] http_client: 代理协议已标准化: socks5:// -> socks5h://
10:27:00 [INFO] http_client: 代理协议已标准化: socks5:// -> socks5h://
10:27:00 [INFO] http_client: 代理协议已标准化: socks5:// -> socks5h://
10:27:00 [INFO] http_client: 代理协议已标准化: socks5:// -> socks5h://
10:27:00 [INFO] http_client: 代理协议已标准化: socks5:// -> socks5h://
10:27:00 [INFO] http_client: 代理协议已标准化: socks5:// -> socks5h://
10:27:01 [INFO] proxy_health: 健康检查完成: 8 正常 / 0 异常 / 0 移除（耗时 0.9s）
10:32:01 [INFO] http_client: 代理协议已标准化: socks5:// -> socks5h://
10:32:01 [INFO] http_client: 代理协议已标准化: socks5:// -> socks5h://
10:32:01 [INFO] http_client: 代理协议已标准化: socks5:// -> socks5h://
10:32:01 [INFO] http_client: 代理协议已标准化: socks5:// -> socks5h://
10:32:01 [INFO] http_client: 代理协议已标准化: socks5:// -> socks5h://
10:32:01 [INFO] http_client: 代理协议已标准化: socks5:// -> socks5h://
10:32:01 [INFO] http_client: 代理协议已标准化: socks5:// -> socks5h://
10:32:01 [INFO] http_client: 代理协议已标准化: socks5:// -> socks5h://
10:32:02 [INFO] proxy_health: 健康检查完成: 8 正常 / 0 异常 / 0 移除（耗时 0.9s）
10:37:02 [INFO] http_client: 代理协议已标准化: socks5:// -> socks5h://
10:37:02 [INFO] http_client: 代理协议已标准化: socks5:// -> socks5h://
10:37:02 [INFO] http_client: 代理协议已标准化: socks5:// -> socks5h://
10:37:02 [INFO] http_client: 代理协议已标准化: socks5:// -> socks5h://
10:37:02 [INFO] http_client: 代理协议已标准化: socks5:// -> socks5h://
10:37:02 [INFO] http_client: 代理协议已标准化: socks5:// -> socks5h://
10:37:02 [INFO] http_client: 代理协议已标准化: socks5:// -> socks5h://
10:37:02 [INFO] http_client: 代理协议已标准化: socks5:// -> socks5h://
10:37:03 [INFO] proxy_health: 健康检查完成: 8 正常 / 0 异常 / 0 移除（耗时 0.9s）
10:42:03 [INFO] http_client: 代理协议已标准化: socks5:// -> socks5h://
10:42:03 [INFO] http_client: 代理协议已标准化: socks5:// -> socks5h://
10:42:03 [INFO] http_client: 代理协议已标准化: socks5:// -> socks5h://
10:42:03 [INFO] http_client: 代理协议已标准化: socks5:// -> socks5h://
10:42:03 [INFO] http_client: 代理协议已标准化: socks5:// -> socks5h://
10:42:03 [INFO] http_client: 代理协议已标准化: socks5:// -> socks5h://
10:42:03 [INFO] http_client: 代理协议已标准化: socks5:// -> socks5h://
10:42:03 [INFO] http_client: 代理协议已标准化: socks5:// -> socks5h://
10:42:04 [INFO] proxy_health: 健康检查完成: 8 正常 / 0 异常 / 0 移除（耗时 0.9s）
10:47:04 [INFO] http_client: 代理协议已标准化: socks5:// -> socks5h://
10:47:04 [INFO] http_client: 代理协议已标准化: socks5:// -> socks5h://
10:47:04 [INFO] http_client: 代理协议已标准化: socks5:// -> socks5h://
10:47:04 [INFO] http_client: 代理协议已标准化: socks5:// -> socks5h://
10:47:04 [INFO] http_client: 代理协议已标准化: socks5:// -> socks5h://
10:47:04 [INFO] http_client: 代理协议已标准化: socks5:// -> socks5h://
10:47:04 [INFO] http_client: 代理协议已标准化: socks5:// -> socks5h://
10:47:04 [INFO] http_client: 代理协议已标准化: socks5:// -> socks5h://
10:47:05 [INFO] proxy_health: 健康检查完成: 8 正常 / 0 异常 / 0 移除（耗时 0.8s）
10:52:05 [INFO] http_client: 代理协议已标准化: socks5:// -> socks5h://
10:52:05 [INFO] http_client: 代理协议已标准化: socks5:// -> socks5h://
10:52:05 [INFO] http_client: 代理协议已标准化: socks5:// -> socks5h://
10:52:05 [INFO] http_client: 代理协议已标准化: socks5:// -> socks5h://
10:52:05 [INFO] http_client: 代理协议已标准化: socks5:// -> socks5h://
10:52:05 [INFO] http_client: 代理协议已标准化: socks5:// -> socks5h://
10:52:05 [INFO] http_client: 代理协议已标准化: socks5:// -> socks5h://
10:52:05 [INFO] http_client: 代理协议已标准化: socks5:// -> socks5h://
10:52:06 [INFO] proxy_health: 健康检查完成: 8 正常 / 0 异常 / 0 移除（耗时 0.9s）
10:57:06 [INFO] http_client: 代理协议已标准化: socks5:// -> socks5h://
10:57:06 [INFO] http_client: 代理协议已标准化: socks5:// -> socks5h://
10:57:06 [INFO] http_client: 代理协议已标准化: socks5:// -> socks5h://
10:57:06 [INFO] http_client: 代理协议已标准化: socks5:// -> socks5h://
10:57:06 [INFO] http_client: 代理协议已标准化: socks5:// -> socks5h://
10:57:06 [INFO] http_client: 代理协议已标准化: socks5:// -> socks5h://
10:57:06 [INFO] http_client: 代理协议已标准化: socks5:// -> socks5h://
10:57:06 [INFO] http_client: 代理协议已标准化: socks5:// -> socks5h://
10:57:06 [INFO] proxy_health: 健康检查完成: 8 正常 / 0 异常 / 0 移除（耗时 0.9s）
11:02:07 [INFO] http_client: 代理协议已标准化: socks5:// -> socks5h://
11:02:07 [INFO] http_client: 代理协议已标准化: socks5:// -> socks5h://
11:02:07 [INFO] http_client: 代理协议已标准化: socks5:// -> socks5h://
11:02:07 [INFO] http_client: 代理协议已标准化: socks5:// -> socks5h://
11:02:07 [INFO] http_client: 代理协议已标准化: socks5:// -> socks5h://
11:02:07 [INFO] http_client: 代理协议已标准化: socks5:// -> socks5h://
11:02:07 [INFO] http_client: 代理协议已标准化: socks5:// -> socks5h://
11:02:07 [INFO] http_client: 代理协议已标准化: socks5:// -> socks5h://
11:02:07 [INFO] proxy_health: 健康检查完成: 8 正常 / 0 异常 / 0 移除（耗时 0.9s）
11:07:07 [INFO] http_client: 代理协议已标准化: socks5:// -> socks5h://
11:07:07 [INFO] http_client: 代理协议已标准化: socks5:// -> socks5h://
11:07:07 [INFO] http_client: 代理协议已标准化: socks5:// -> socks5h://
11:07:07 [INFO] http_client: 代理协议已标准化: socks5:// -> socks5h://
11:07:07 [INFO] http_client: 代理协议已标准化: socks5:// -> socks5h://
11:07:07 [INFO] http_client: 代理协议已标准化: socks5:// -> socks5h://
11:07:07 [INFO] http_client: 代理协议已标准化: socks5:// -> socks5h://
11:07:07 [INFO] http_client: 代理协议已标准化: socks5:// -> socks5h://
11:07:08 [INFO] proxy_health: 健康检查完成: 8 正常 / 0 异常 / 0 移除（耗时 0.9s）
11:12:08 [INFO] http_client: 代理协议已标准化: socks5:// -> socks5h://
11:12:08 [INFO] http_client: 代理协议已标准化: socks5:// -> socks5h://
11:12:08 [INFO] http_client: 代理协议已标准化: socks5:// -> socks5h://
11:12:08 [INFO] http_client: 代理协议已标准化: socks5:// -> socks5h://
11:12:08 [INFO] http_client: 代理协议已标准化: socks5:// -> socks5h://
11:12:08 [INFO] http_client: 代理协议已标准化: socks5:// -> socks5h://
11:12:08 [INFO] http_client: 代理协议已标准化: socks5:// -> socks5h://
11:12:08 [INFO] http_client: 代理协议已标准化: socks5:// -> socks5h://
11:12:09 [INFO] proxy_health: 健康检查完成: 8 正常 / 0 异常 / 0 移除（耗时 0.9s）
11:17:09 [INFO] http_client: 代理协议已标准化: socks5:// -> socks5h://
11:17:09 [INFO] http_client: 代理协议已标准化: socks5:// -> socks5h://
11:17:09 [INFO] http_client: 代理协议已标准化: socks5:// -> socks5h://
11:17:09 [INFO] http_client: 代理协议已标准化: socks5:// -> socks5h://
11:17:09 [INFO] http_client: 代理协议已标准化: socks5:// -> socks5h://
11:17:09 [INFO] http_client: 代理协议已标准化: socks5:// -> socks5h://
11:17:09 [INFO] http_client: 代理协议已标准化: socks5:// -> socks5h://
11:17:09 [INFO] http_client: 代理协议已标准化: socks5:// -> socks5h://
11:17:10 [INFO] proxy_health: 健康检查完成: 8 正常 / 0 异常 / 0 移除（耗时 0.9s）
11:22:10 [INFO] http_client: 代理协议已标准化: socks5:// -> socks5h://
11:22:10 [INFO] http_client: 代理协议已标准化: socks5:// -> socks5h://
11:22:10 [INFO] http_client: 代理协议已标准化: socks5:// -> socks5h://
11:22:10 [INFO] http_client: 代理协议已标准化: socks5:// -> socks5h://
11:22:10 [INFO] http_client: 代理协议已标准化: socks5:// -> socks5h://
11:22:10 [INFO] http_client: 代理协议已标准化: socks5:// -> socks5h://
11:22:10 [INFO] http_client: 代理协议已标准化: socks5:// -> socks5h://
11:22:10 [INFO] http_client: 代理协议已标准化: socks5:// -> socks5h://
11:22:11 [INFO] proxy_health: 健康检查完成: 8 正常 / 0 异常 / 0 移除（耗时 0.9s）
11:27:11 [INFO] http_client: 代理协议已标准化: socks5:// -> socks5h://
11:27:11 [INFO] http_client: 代理协议已标准化: socks5:// -> socks5h://
11:27:11 [INFO] http_client: 代理协议已标准化: socks5:// -> socks5h://
11:27:11 [INFO] http_client: 代理协议已标准化: socks5:// -> socks5h://
11:27:11 [INFO] http_client: 代理协议已标准化: socks5:// -> socks5h://
11:27:11 [INFO] http_client: 代理协议已标准化: socks5:// -> socks5h://
11:27:11 [INFO] http_client: 代理协议已标准化: socks5:// -> socks5h://
11:27:11 [INFO] http_client: 代理协议已标准化: socks5:// -> socks5h://
11:27:12 [INFO] proxy_health: 健康检查完成: 8 正常 / 0 异常 / 0 移除（耗时 0.8s）
11:32:12 [INFO] http_client: 代理协议已标准化: socks5:// -> socks5h://
11:32:12 [INFO] http_client: 代理协议已标准化: socks5:// -> socks5h://
11:32:12 [INFO] http_client: 代理协议已标准化: socks5:// -> socks5h://
11:32:12 [INFO] http_client: 代理协议已标准化: socks5:// -> socks5h://
11:32:12 [INFO] http_client: 代理协议已标准化: socks5:// -> socks5h://
11:32:12 [INFO] http_client: 代理协议已标准化: socks5:// -> socks5h://
11:32:12 [INFO] http_client: 代理协议已标准化: socks5:// -> socks5h://
11:32:12 [INFO] http_client: 代理协议已标准化: socks5:// -> socks5h://
11:32:13 [INFO] proxy_health: 健康检查完成: 8 正常 / 0 异常 / 0 移除（耗时 0.9s）
11:37:13 [INFO] http_client: 代理协议已标准化: socks5:// -> socks5h://
11:37:13 [INFO] http_client: 代理协议已标准化: socks5:// -> socks5h://
11:37:13 [INFO] http_client: 代理协议已标准化: socks5:// -> socks5h://
11:37:13 [INFO] http_client: 代理协议已标准化: socks5:// -> socks5h://
11:37:13 [INFO] http_client: 代理协议已标准化: socks5:// -> socks5h://
11:37:13 [INFO] http_client: 代理协议已标准化: socks5:// -> socks5h://
11:37:13 [INFO] http_client: 代理协议已标准化: socks5:// -> socks5h://
11:37:13 [INFO] http_client: 代理协议已标准化: socks5:// -> socks5h://
11:37:13 [INFO] proxy_health: 健康检查完成: 8 正常 / 0 异常 / 0 移除（耗时 0.9s）
11:42:13 [INFO] http_client: 代理协议已标准化: socks5:// -> socks5h://
11:42:13 [INFO] http_client: 代理协议已标准化: socks5:// -> socks5h://
11:42:13 [INFO] http_client: 代理协议已标准化: socks5:// -> socks5h://
11:42:13 [INFO] http_client: 代理协议已标准化: socks5:// -> socks5h://
11:42:13 [INFO] http_client: 代理协议已标准化: socks5:// -> socks5h://
11:42:13 [INFO] http_client: 代理协议已标准化: socks5:// -> socks5h://
11:42:13 [INFO] http_client: 代理协议已标准化: socks5:// -> socks5h://
11:42:13 [INFO] http_client: 代理协议已标准化: socks5:// -> socks5h://
11:42:14 [INFO] proxy_health: 健康检查完成: 8 正常 / 0 异常 / 0 移除（耗时 0.9s）
11:47:14 [INFO] http_client: 代理协议已标准化: socks5:// -> socks5h://
11:47:14 [INFO] http_client: 代理协议已标准化: socks5:// -> socks5h://
11:47:14 [INFO] http_client: 代理协议已标准化: socks5:// -> socks5h://
11:47:14 [INFO] http_client: 代理协议已标准化: socks5:// -> socks5h://
11:47:14 [INFO] http_client: 代理协议已标准化: socks5:// -> socks5h://
11:47:14 [INFO] http_client: 代理协议已标准化: socks5:// -> socks5h://
11:47:14 [INFO] http_client: 代理协议已标准化: socks5:// -> socks5h://
11:47:14 [INFO] http_client: 代理协议已标准化: socks5:// -> socks5h://
11:47:15 [INFO] proxy_health: 健康检查完成: 8 正常 / 0 异常 / 0 移除（耗时 0.8s）
11:52:15 [INFO] http_client: 代理协议已标准化: socks5:// -> socks5h://
11:52:15 [INFO] http_client: 代理协议已标准化: socks5:// -> socks5h://
11:52:15 [INFO] http_client: 代理协议已标准化: socks5:// -> socks5h://
11:52:15 [INFO] http_client: 代理协议已标准化: socks5:// -> socks5h://
11:52:15 [INFO] http_client: 代理协议已标准化: socks5:// -> socks5h://
11:52:15 [INFO] http_client: 代理协议已标准化: socks5:// -> socks5h://
11:52:15 [INFO] http_client: 代理协议已标准化: socks5:// -> socks5h://
11:52:15 [INFO] http_client: 代理协议已标准化: socks5:// -> socks5h://
11:52:16 [INFO] proxy_health: 健康检查完成: 8 正常 / 0 异常 / 0 移除（耗时 0.9s）
11:57:16 [INFO] http_client: 代理协议已标准化: socks5:// -> socks5h://
11:57:16 [INFO] http_client: 代理协议已标准化: socks5:// -> socks5h://
11:57:16 [INFO] http_client: 代理协议已标准化: socks5:// -> socks5h://
11:57:16 [INFO] http_client: 代理协议已标准化: socks5:// -> socks5h://
11:57:16 [INFO] http_client: 代理协议已标准化: socks5:// -> socks5h://
11:57:16 [INFO] http_client: 代理协议已标准化: socks5:// -> socks5h://
11:57:16 [INFO] http_client: 代理协议已标准化: socks5:// -> socks5h://
11:57:16 [INFO] http_client: 代理协议已标准化: socks5:// -> socks5h://
11:57:17 [INFO] proxy_health: 健康检查完成: 8 正常 / 0 异常 / 0 移除（耗时 0.9s）
12:02:17 [INFO] http_client: 代理协议已标准化: socks5:// -> socks5h://
12:02:17 [INFO] http_client: 代理协议已标准化: socks5:// -> socks5h://
12:02:17 [INFO] http_client: 代理协议已标准化: socks5:// -> socks5h://
12:02:17 [INFO] http_client: 代理协议已标准化: socks5:// -> socks5h://
12:02:17 [INFO] http_client: 代理协议已标准化: socks5:// -> socks5h://
12:02:17 [INFO] http_client: 代理协议已标准化: socks5:// -> socks5h://
12:02:17 [INFO] http_client: 代理协议已标准化: socks5:// -> socks5h://
12:02:17 [INFO] http_client: 代理协议已标准化: socks5:// -> socks5h://
12:02:18 [INFO] proxy_health: 健康检查完成: 8 正常 / 0 异常 / 0 移除（耗时 0.9s）
12:07:18 [INFO] http_client: 代理协议已标准化: socks5:// -> socks5h://
12:07:18 [INFO] http_client: 代理协议已标准化: socks5:// -> socks5h://
12:07:18 [INFO] http_client: 代理协议已标准化: socks5:// -> socks5h://
12:07:18 [INFO] http_client: 代理协议已标准化: socks5:// -> socks5h://
12:07:18 [INFO] http_client: 代理协议已标准化: socks5:// -> socks5h://
12:07:18 [INFO] http_client: 代理协议已标准化: socks5:// -> socks5h://
12:07:18 [INFO] http_client: 代理协议已标准化: socks5:// -> socks5h://
12:07:18 [INFO] http_client: 代理协议已标准化: socks5:// -> socks5h://
12:07:19 [INFO] proxy_health: 健康检查完成: 8 正常 / 0 异常 / 0 移除（耗时 0.9s）
12:12:19 [INFO] http_client: 代理协议已标准化: socks5:// -> socks5h://
12:12:19 [INFO] http_client: 代理协议已标准化: socks5:// -> socks5h://
12:12:19 [INFO] http_client: 代理协议已标准化: socks5:// -> socks5h://
12:12:19 [INFO] http_client: 代理协议已标准化: socks5:// -> socks5h://
12:12:19 [INFO] http_client: 代理协议已标准化: socks5:// -> socks5h://
12:12:19 [INFO] http_client: 代理协议已标准化: socks5:// -> socks5h://
12:12:19 [INFO] http_client: 代理协议已标准化: socks5:// -> socks5h://
12:12:19 [INFO] http_client: 代理协议已标准化: socks5:// -> socks5h://
12:12:19 [INFO] proxy_health: 健康检查完成: 8 正常 / 0 异常 / 0 移除（耗时 0.9s）
12:17:19 [INFO] http_client: 代理协议已标准化: socks5:// -> socks5h://
12:17:19 [INFO] http_client: 代理协议已标准化: socks5:// -> socks5h://
12:17:19 [INFO] http_client: 代理协议已标准化: socks5:// -> socks5h://
12:17:19 [INFO] http_client: 代理协议已标准化: socks5:// -> socks5h://
12:17:19 [INFO] http_client: 代理协议已标准化: socks5:// -> socks5h://
12:17:19 [INFO] http_client: 代理协议已标准化: socks5:// -> socks5h://
12:17:19 [INFO] http_client: 代理协议已标准化: socks5:// -> socks5h://
12:17:20 [INFO] http_client: 代理协议已标准化: socks5:// -> socks5h://
12:17:20 [INFO] proxy_health: 健康检查完成: 8 正常 / 0 异常 / 0 移除（耗时 0.9s）
12:22:20 [INFO] http_client: 代理协议已标准化: socks5:// -> socks5h://
12:22:20 [INFO] http_client: 代理协议已标准化: socks5:// -> socks5h://
12:22:20 [INFO] http_client: 代理协议已标准化: socks5:// -> socks5h://
12:22:20 [INFO] http_client: 代理协议已标准化: socks5:// -> socks5h://
12:22:20 [INFO] http_client: 代理协议已标准化: socks5:// -> socks5h://
12:22:20 [INFO] http_client: 代理协议已标准化: socks5:// -> socks5h://
12:22:20 [INFO] http_client: 代理协议已标准化: socks5:// -> socks5h://
12:22:20 [INFO] http_client: 代理协议已标准化: socks5:// -> socks5h://
12:22:21 [INFO] proxy_health: 健康检查完成: 8 正常 / 0 异常 / 0 移除（耗时 0.9s）
12:27:21 [INFO] http_client: 代理协议已标准化: socks5:// -> socks5h://
12:27:21 [INFO] http_client: 代理协议已标准化: socks5:// -> socks5h://
12:27:21 [INFO] http_client: 代理协议已标准化: socks5:// -> socks5h://
12:27:21 [INFO] http_client: 代理协议已标准化: socks5:// -> socks5h://
12:27:21 [INFO] http_client: 代理协议已标准化: socks5:// -> socks5h://
12:27:21 [INFO] http_client: 代理协议已标准化: socks5:// -> socks5h://
12:27:21 [INFO] http_client: 代理协议已标准化: socks5:// -> socks5h://
12:27:21 [INFO] http_client: 代理协议已标准化: socks5:// -> socks5h://
12:27:22 [INFO] proxy_health: 健康检查完成: 8 正常 / 0 异常 / 0 移除（耗时 0.9s）
12:32:22 [INFO] http_client: 代理协议已标准化: socks5:// -> socks5h://
12:32:22 [INFO] http_client: 代理协议已标准化: socks5:// -> socks5h://
12:32:22 [INFO] http_client: 代理协议已标准化: socks5:// -> socks5h://
12:32:22 [INFO] http_client: 代理协议已标准化: socks5:// -> socks5h://
12:32:22 [INFO] http_client: 代理协议已标准化: socks5:// -> socks5h://
12:32:22 [INFO] http_client: 代理协议已标准化: socks5:// -> socks5h://
12:32:22 [INFO] http_client: 代理协议已标准化: socks5:// -> socks5h://
12:32:22 [INFO] http_client: 代理协议已标准化: socks5:// -> socks5h://
12:32:23 [INFO] proxy_health: 健康检查完成: 8 正常 / 0 异常 / 0 移除（耗时 1.1s）
12:37:23 [INFO] http_client: 代理协议已标准化: socks5:// -> socks5h://
12:37:23 [INFO] http_client: 代理协议已标准化: socks5:// -> socks5h://
12:37:23 [INFO] http_client: 代理协议已标准化: socks5:// -> socks5h://
12:37:23 [INFO] http_client: 代理协议已标准化: socks5:// -> socks5h://
12:37:23 [INFO] http_client: 代理协议已标准化: socks5:// -> socks5h://
12:37:23 [INFO] http_client: 代理协议已标准化: socks5:// -> socks5h://
12:37:23 [INFO] http_client: 代理协议已标准化: socks5:// -> socks5h://
12:37:23 [INFO] http_client: 代理协议已标准化: socks5:// -> socks5h://
12:37:24 [INFO] proxy_health: 健康检查完成: 8 正常 / 0 异常 / 0 移除（耗时 0.9s）
12:42:24 [INFO] http_client: 代理协议已标准化: socks5:// -> socks5h://
12:42:24 [INFO] http_client: 代理协议已标准化: socks5:// -> socks5h://
12:42:24 [INFO] http_client: 代理协议已标准化: socks5:// -> socks5h://
12:42:24 [INFO] http_client: 代理协议已标准化: socks5:// -> socks5h://
12:42:24 [INFO] http_client: 代理协议已标准化: socks5:// -> socks5h://
12:42:24 [INFO] http_client: 代理协议已标准化: socks5:// -> socks5h://
12:42:24 [INFO] http_client: 代理协议已标准化: socks5:// -> socks5h://
12:42:24 [INFO] http_client: 代理协议已标准化: socks5:// -> socks5h://
12:42:25 [INFO] proxy_health: 健康检查完成: 8 正常 / 0 异常 / 0 移除（耗时 0.9s）
12:47:25 [INFO] http_client: 代理协议已标准化: socks5:// -> socks5h://
12:47:25 [INFO] http_client: 代理协议已标准化: socks5:// -> socks5h://
12:47:25 [INFO] http_client: 代理协议已标准化: socks5:// -> socks5h://
12:47:25 [INFO] http_client: 代理协议已标准化: socks5:// -> socks5h://
12:47:25 [INFO] http_client: 代理协议已标准化: socks5:// -> socks5h://
12:47:25 [INFO] http_client: 代理协议已标准化: socks5:// -> socks5h://
12:47:25 [INFO] http_client: 代理协议已标准化: socks5:// -> socks5h://
12:47:25 [INFO] http_client: 代理协议已标准化: socks5:// -> socks5h://
12:47:26 [INFO] proxy_health: 健康检查完成: 8 正常 / 0 异常 / 0 移除（耗时 1.1s）
12:52:26 [INFO] http_client: 代理协议已标准化: socks5:// -> socks5h://
12:52:26 [INFO] http_client: 代理协议已标准化: socks5:// -> socks5h://
12:52:26 [INFO] http_client: 代理协议已标准化: socks5:// -> socks5h://
12:52:26 [INFO] http_client: 代理协议已标准化: socks5:// -> socks5h://
12:52:26 [INFO] http_client: 代理协议已标准化: socks5:// -> socks5h://
12:52:26 [INFO] http_client: 代理协议已标准化: socks5:// -> socks5h://
12:52:26 [INFO] http_client: 代理协议已标准化: socks5:// -> socks5h://
12:52:26 [INFO] http_client: 代理协议已标准化: socks5:// -> socks5h://
12:52:27 [INFO] proxy_health: 健康检查完成: 8 正常 / 0 异常 / 0 移除（耗时 1.1s）
12:57:27 [INFO] http_client: 代理协议已标准化: socks5:// -> socks5h://
12:57:27 [INFO] http_client: 代理协议已标准化: socks5:// -> socks5h://
12:57:27 [INFO] http_client: 代理协议已标准化: socks5:// -> socks5h://
12:57:27 [INFO] http_client: 代理协议已标准化: socks5:// -> socks5h://
12:57:27 [INFO] http_client: 代理协议已标准化: socks5:// -> socks5h://
12:57:27 [INFO] http_client: 代理协议已标准化: socks5:// -> socks5h://
12:57:27 [INFO] http_client: 代理协议已标准化: socks5:// -> socks5h://
12:57:27 [INFO] http_client: 代理协议已标准化: socks5:// -> socks5h://
12:57:28 [INFO] proxy_health: 健康检查完成: 8 正常 / 0 异常 / 0 移除（耗时 0.9s）
13:02:28 [INFO] http_client: 代理协议已标准化: socks5:// -> socks5h://
13:02:28 [INFO] http_client: 代理协议已标准化: socks5:// -> socks5h://
13:02:28 [INFO] http_client: 代理协议已标准化: socks5:// -> socks5h://
13:02:28 [INFO] http_client: 代理协议已标准化: socks5:// -> socks5h://
13:02:28 [INFO] http_client: 代理协议已标准化: socks5:// -> socks5h://
13:02:28 [INFO] http_client: 代理协议已标准化: socks5:// -> socks5h://
13:02:28 [INFO] http_client: 代理协议已标准化: socks5:// -> socks5h://
13:02:28 [INFO] http_client: 代理协议已标准化: socks5:// -> socks5h://
13:02:29 [INFO] proxy_health: 健康检查完成: 8 正常 / 0 异常 / 0 移除（耗时 0.8s）
13:07:29 [INFO] http_client: 代理协议已标准化: socks5:// -> socks5h://
13:07:29 [INFO] http_client: 代理协议已标准化: socks5:// -> socks5h://
13:07:29 [INFO] http_client: 代理协议已标准化: socks5:// -> socks5h://
13:07:29 [INFO] http_client: 代理协议已标准化: socks5:// -> socks5h://
13:07:29 [INFO] http_client: 代理协议已标准化: socks5:// -> socks5h://
13:07:29 [INFO] http_client: 代理协议已标准化: socks5:// -> socks5h://
13:07:29 [INFO] http_client: 代理协议已标准化: socks5:// -> socks5h://
13:07:29 [INFO] http_client: 代理协议已标准化: socks5:// -> socks5h://
13:07:30 [INFO] proxy_health: 健康检查完成: 8 正常 / 0 异常 / 0 移除（耗时 1.3s）
13:12:30 [INFO] http_client: 代理协议已标准化: socks5:// -> socks5h://
13:12:30 [INFO] http_client: 代理协议已标准化: socks5:// -> socks5h://
13:12:30 [INFO] http_client: 代理协议已标准化: socks5:// -> socks5h://
13:12:30 [INFO] http_client: 代理协议已标准化: socks5:// -> socks5h://
13:12:30 [INFO] http_client: 代理协议已标准化: socks5:// -> socks5h://
13:12:30 [INFO] http_client: 代理协议已标准化: socks5:// -> socks5h://
13:12:30 [INFO] http_client: 代理协议已标准化: socks5:// -> socks5h://
13:12:30 [INFO] http_client: 代理协议已标准化: socks5:// -> socks5h://
13:12:31 [INFO] proxy_health: 健康检查完成: 8 正常 / 0 异常 / 0 移除（耗时 0.9s）
13:17:31 [INFO] http_client: 代理协议已标准化: socks5:// -> socks5h://
13:17:31 [INFO] http_client: 代理协议已标准化: socks5:// -> socks5h://
13:17:31 [INFO] http_client: 代理协议已标准化: socks5:// -> socks5h://
13:17:31 [INFO] http_client: 代理协议已标准化: socks5:// -> socks5h://
13:17:31 [INFO] http_client: 代理协议已标准化: socks5:// -> socks5h://
13:17:31 [INFO] http_client: 代理协议已标准化: socks5:// -> socks5h://
13:17:31 [INFO] http_client: 代理协议已标准化: socks5:// -> socks5h://
13:17:31 [INFO] http_client: 代理协议已标准化: socks5:// -> socks5h://
13:17:32 [INFO] proxy_health: 健康检查完成: 8 正常 / 0 异常 / 0 移除（耗时 0.9s）
13:22:32 [INFO] http_client: 代理协议已标准化: socks5:// -> socks5h://
13:22:32 [INFO] http_client: 代理协议已标准化: socks5:// -> socks5h://
13:22:32 [INFO] http_client: 代理协议已标准化: socks5:// -> socks5h://
13:22:32 [INFO] http_client: 代理协议已标准化: socks5:// -> socks5h://
13:22:32 [INFO] http_client: 代理协议已标准化: socks5:// -> socks5h://
13:22:32 [INFO] http_client: 代理协议已标准化: socks5:// -> socks5h://
13:22:32 [INFO] http_client: 代理协议已标准化: socks5:// -> socks5h://
13:22:32 [INFO] http_client: 代理协议已标准化: socks5:// -> socks5h://
13:22:33 [INFO] proxy_health: 健康检查完成: 8 正常 / 0 异常 / 0 移除（耗时 1.2s）
13:27:33 [INFO] http_client: 代理协议已标准化: socks5:// -> socks5h://
13:27:33 [INFO] http_client: 代理协议已标准化: socks5:// -> socks5h://
13:27:33 [INFO] http_client: 代理协议已标准化: socks5:// -> socks5h://
13:27:33 [INFO] http_client: 代理协议已标准化: socks5:// -> socks5h://
13:27:33 [INFO] http_client: 代理协议已标准化: socks5:// -> socks5h://
13:27:33 [INFO] http_client: 代理协议已标准化: socks5:// -> socks5h://
13:27:33 [INFO] http_client: 代理协议已标准化: socks5:// -> socks5h://
13:27:33 [INFO] http_client: 代理协议已标准化: socks5:// -> socks5h://
13:27:34 [INFO] proxy_health: 健康检查完成: 8 正常 / 0 异常 / 0 移除（耗时 0.9s）
13:32:34 [INFO] http_client: 代理协议已标准化: socks5:// -> socks5h://
13:32:34 [INFO] http_client: 代理协议已标准化: socks5:// -> socks5h://
13:32:34 [INFO] http_client: 代理协议已标准化: socks5:// -> socks5h://
13:32:34 [INFO] http_client: 代理协议已标准化: socks5:// -> socks5h://
13:32:34 [INFO] http_client: 代理协议已标准化: socks5:// -> socks5h://
13:32:34 [INFO] http_client: 代理协议已标准化: socks5:// -> socks5h://
13:32:34 [INFO] http_client: 代理协议已标准化: socks5:// -> socks5h://
13:32:34 [INFO] http_client: 代理协议已标准化: socks5:// -> socks5h://
13:32:35 [INFO] proxy_health: 健康检查完成: 8 正常 / 0 异常 / 0 移除（耗时 0.9s）
13:37:35 [INFO] http_client: 代理协议已标准化: socks5:// -> socks5h://
13:37:35 [INFO] http_client: 代理协议已标准化: socks5:// -> socks5h://
13:37:35 [INFO] http_client: 代理协议已标准化: socks5:// -> socks5h://
13:37:35 [INFO] http_client: 代理协议已标准化: socks5:// -> socks5h://
13:37:35 [INFO] http_client: 代理协议已标准化: socks5:// -> socks5h://
13:37:35 [INFO] http_client: 代理协议已标准化: socks5:// -> socks5h://
13:37:35 [INFO] http_client: 代理协议已标准化: socks5:// -> socks5h://
13:37:35 [INFO] http_client: 代理协议已标准化: socks5:// -> socks5h://
13:37:36 [INFO] proxy_health: 健康检查完成: 8 正常 / 0 异常 / 0 移除（耗时 0.9s）
13:42:36 [INFO] http_client: 代理协议已标准化: socks5:// -> socks5h://
13:42:36 [INFO] http_client: 代理协议已标准化: socks5:// -> socks5h://
13:42:36 [INFO] http_client: 代理协议已标准化: socks5:// -> socks5h://
13:42:36 [INFO] http_client: 代理协议已标准化: socks5:// -> socks5h://
13:42:36 [INFO] http_client: 代理协议已标准化: socks5:// -> socks5h://
13:42:36 [INFO] http_client: 代理协议已标准化: socks5:// -> socks5h://
13:42:36 [INFO] http_client: 代理协议已标准化: socks5:// -> socks5h://
13:42:36 [INFO] http_client: 代理协议已标准化: socks5:// -> socks5h://
13:42:37 [INFO] proxy_health: 健康检查完成: 8 正常 / 0 异常 / 0 移除（耗时 1.1s）
13:47:37 [INFO] http_client: 代理协议已标准化: socks5:// -> socks5h://
13:47:37 [INFO] http_client: 代理协议已标准化: socks5:// -> socks5h://
13:47:37 [INFO] http_client: 代理协议已标准化: socks5:// -> socks5h://
13:47:37 [INFO] http_client: 代理协议已标准化: socks5:// -> socks5h://
13:47:37 [INFO] http_client: 代理协议已标准化: socks5:// -> socks5h://
13:47:37 [INFO] http_client: 代理协议已标准化: socks5:// -> socks5h://
13:47:37 [INFO] http_client: 代理协议已标准化: socks5:// -> socks5h://
13:47:37 [INFO] http_client: 代理协议已标准化: socks5:// -> socks5h://
13:47:38 [INFO] proxy_health: 健康检查完成: 8 正常 / 0 异常 / 0 移除（耗时 0.9s）
13:52:38 [INFO] http_client: 代理协议已标准化: socks5:// -> socks5h://
13:52:38 [INFO] http_client: 代理协议已标准化: socks5:// -> socks5h://
13:52:38 [INFO] http_client: 代理协议已标准化: socks5:// -> socks5h://
13:52:38 [INFO] http_client: 代理协议已标准化: socks5:// -> socks5h://
13:52:38 [INFO] http_client: 代理协议已标准化: socks5:// -> socks5h://
13:52:38 [INFO] http_client: 代理协议已标准化: socks5:// -> socks5h://
13:52:38 [INFO] http_client: 代理协议已标准化: socks5:// -> socks5h://
13:52:38 [INFO] http_client: 代理协议已标准化: socks5:// -> socks5h://
13:52:39 [INFO] proxy_health: 健康检查完成: 8 正常 / 0 异常 / 0 移除（耗时 0.9s）
13:57:39 [INFO] http_client: 代理协议已标准化: socks5:// -> socks5h://
13:57:39 [INFO] http_client: 代理协议已标准化: socks5:// -> socks5h://
13:57:39 [INFO] http_client: 代理协议已标准化: socks5:// -> socks5h://
13:57:39 [INFO] http_client: 代理协议已标准化: socks5:// -> socks5h://
13:57:39 [INFO] http_client: 代理协议已标准化: socks5:// -> socks5h://
13:57:39 [INFO] http_client: 代理协议已标准化: socks5:// -> socks5h://
13:57:39 [INFO] http_client: 代理协议已标准化: socks5:// -> socks5h://
13:57:39 [INFO] http_client: 代理协议已标准化: socks5:// -> socks5h://
13:57:40 [INFO] proxy_health: 健康检查完成: 8 正常 / 0 异常 / 0 移除（耗时 1.1s）
14:02:40 [INFO] http_client: 代理协议已标准化: socks5:// -> socks5h://
14:02:40 [INFO] http_client: 代理协议已标准化: socks5:// -> socks5h://
14:02:40 [INFO] http_client: 代理协议已标准化: socks5:// -> socks5h://
14:02:40 [INFO] http_client: 代理协议已标准化: socks5:// -> socks5h://
14:02:40 [INFO] http_client: 代理协议已标准化: socks5:// -> socks5h://
14:02:40 [INFO] http_client: 代理协议已标准化: socks5:// -> socks5h://
14:02:40 [INFO] http_client: 代理协议已标准化: socks5:// -> socks5h://
14:02:40 [INFO] http_client: 代理协议已标准化: socks5:// -> socks5h://
14:02:41 [INFO] proxy_health: 健康检查完成: 8 正常 / 0 异常 / 0 移除（耗时 1.1s）
14:07:41 [INFO] http_client: 代理协议已标准化: socks5:// -> socks5h://
14:07:41 [INFO] http_client: 代理协议已标准化: socks5:// -> socks5h://
14:07:41 [INFO] http_client: 代理协议已标准化: socks5:// -> socks5h://
14:07:41 [INFO] http_client: 代理协议已标准化: socks5:// -> socks5h://
14:07:41 [INFO] http_client: 代理协议已标准化: socks5:// -> socks5h://
14:07:41 [INFO] http_client: 代理协议已标准化: socks5:// -> socks5h://
14:07:41 [INFO] http_client: 代理协议已标准化: socks5:// -> socks5h://
14:07:41 [INFO] http_client: 代理协议已标准化: socks5:// -> socks5h://
14:07:42 [INFO] proxy_health: 健康检查完成: 8 正常 / 0 异常 / 0 移除（耗时 1.2s）
14:12:42 [INFO] http_client: 代理协议已标准化: socks5:// -> socks5h://
14:12:42 [INFO] http_client: 代理协议已标准化: socks5:// -> socks5h://
14:12:42 [INFO] http_client: 代理协议已标准化: socks5:// -> socks5h://
14:12:42 [INFO] http_client: 代理协议已标准化: socks5:// -> socks5h://
14:12:42 [INFO] http_client: 代理协议已标准化: socks5:// -> socks5h://
14:12:42 [INFO] http_client: 代理协议已标准化: socks5:// -> socks5h://
14:12:42 [INFO] http_client: 代理协议已标准化: socks5:// -> socks5h://
14:12:42 [INFO] http_client: 代理协议已标准化: socks5:// -> socks5h://
14:12:43 [INFO] proxy_health: 健康检查完成: 8 正常 / 0 异常 / 0 移除（耗时 0.9s）
14:17:43 [INFO] http_client: 代理协议已标准化: socks5:// -> socks5h://
14:17:43 [INFO] http_client: 代理协议已标准化: socks5:// -> socks5h://
14:17:43 [INFO] http_client: 代理协议已标准化: socks5:// -> socks5h://
14:17:43 [INFO] http_client: 代理协议已标准化: socks5:// -> socks5h://
14:17:43 [INFO] http_client: 代理协议已标准化: socks5:// -> socks5h://
14:17:43 [INFO] http_client: 代理协议已标准化: socks5:// -> socks5h://
14:17:43 [INFO] http_client: 代理协议已标准化: socks5:// -> socks5h://
14:17:43 [INFO] http_client: 代理协议已标准化: socks5:// -> socks5h://
14:17:44 [INFO] proxy_health: 健康检查完成: 8 正常 / 0 异常 / 0 移除（耗时 1.5s）
14:22:44 [INFO] http_client: 代理协议已标准化: socks5:// -> socks5h://
14:22:44 [INFO] http_client: 代理协议已标准化: socks5:// -> socks5h://
14:22:44 [INFO] http_client: 代理协议已标准化: socks5:// -> socks5h://
14:22:44 [INFO] http_client: 代理协议已标准化: socks5:// -> socks5h://
14:22:44 [INFO] http_client: 代理协议已标准化: socks5:// -> socks5h://
14:22:44 [INFO] http_client: 代理协议已标准化: socks5:// -> socks5h://
14:22:44 [INFO] http_client: 代理协议已标准化: socks5:// -> socks5h://
14:22:44 [INFO] http_client: 代理协议已标准化: socks5:// -> socks5h://
14:22:45 [INFO] proxy_health: 健康检查完成: 8 正常 / 0 异常 / 0 移除（耗时 0.9s）
14:27:45 [INFO] http_client: 代理协议已标准化: socks5:// -> socks5h://
14:27:45 [INFO] http_client: 代理协议已标准化: socks5:// -> socks5h://
14:27:45 [INFO] http_client: 代理协议已标准化: socks5:// -> socks5h://
14:27:45 [INFO] http_client: 代理协议已标准化: socks5:// -> socks5h://
14:27:45 [INFO] http_client: 代理协议已标准化: socks5:// -> socks5h://
14:27:45 [INFO] http_client: 代理协议已标准化: socks5:// -> socks5h://
14:27:45 [INFO] http_client: 代理协议已标准化: socks5:// -> socks5h://
14:27:45 [INFO] http_client: 代理协议已标准化: socks5:// -> socks5h://
14:27:46 [INFO] proxy_health: 健康检查完成: 8 正常 / 0 异常 / 0 移除（耗时 0.9s）
14:32:46 [INFO] http_client: 代理协议已标准化: socks5:// -> socks5h://
14:32:46 [INFO] http_client: 代理协议已标准化: socks5:// -> socks5h://
14:32:46 [INFO] http_client: 代理协议已标准化: socks5:// -> socks5h://
14:32:46 [INFO] http_client: 代理协议已标准化: socks5:// -> socks5h://
14:32:46 [INFO] http_client: 代理协议已标准化: socks5:// -> socks5h://
14:32:46 [INFO] http_client: 代理协议已标准化: socks5:// -> socks5h://
14:32:46 [INFO] http_client: 代理协议已标准化: socks5:// -> socks5h://
14:32:46 [INFO] http_client: 代理协议已标准化: socks5:// -> socks5h://
14:32:47 [INFO] proxy_health: 健康检查完成: 8 正常 / 0 异常 / 0 移除（耗时 1.1s）
14:37:47 [INFO] http_client: 代理协议已标准化: socks5:// -> socks5h://
14:37:47 [INFO] http_client: 代理协议已标准化: socks5:// -> socks5h://
14:37:47 [INFO] http_client: 代理协议已标准化: socks5:// -> socks5h://
14:37:47 [INFO] http_client: 代理协议已标准化: socks5:// -> socks5h://
14:37:47 [INFO] http_client: 代理协议已标准化: socks5:// -> socks5h://
14:37:47 [INFO] http_client: 代理协议已标准化: socks5:// -> socks5h://
14:37:47 [INFO] http_client: 代理协议已标准化: socks5:// -> socks5h://
14:37:47 [INFO] http_client: 代理协议已标准化: socks5:// -> socks5h://
14:37:48 [INFO] proxy_health: 健康检查完成: 8 正常 / 0 异常 / 0 移除（耗时 0.9s）
14:42:48 [INFO] http_client: 代理协议已标准化: socks5:// -> socks5h://
14:42:48 [INFO] http_client: 代理协议已标准化: socks5:// -> socks5h://
14:42:48 [INFO] http_client: 代理协议已标准化: socks5:// -> socks5h://
14:42:48 [INFO] http_client: 代理协议已标准化: socks5:// -> socks5h://
14:42:48 [INFO] http_client: 代理协议已标准化: socks5:// -> socks5h://
14:42:48 [INFO] http_client: 代理协议已标准化: socks5:// -> socks5h://
14:42:48 [INFO] http_client: 代理协议已标准化: socks5:// -> socks5h://
14:42:48 [INFO] http_client: 代理协议已标准化: socks5:// -> socks5h://
14:42:49 [INFO] proxy_health: 健康检查完成: 8 正常 / 0 异常 / 0 移除（耗时 1.2s）
14:47:49 [INFO] http_client: 代理协议已标准化: socks5:// -> socks5h://
14:47:49 [INFO] http_client: 代理协议已标准化: socks5:// -> socks5h://
14:47:49 [INFO] http_client: 代理协议已标准化: socks5:// -> socks5h://
14:47:49 [INFO] http_client: 代理协议已标准化: socks5:// -> socks5h://
14:47:49 [INFO] http_client: 代理协议已标准化: socks5:// -> socks5h://
14:47:49 [INFO] http_client: 代理协议已标准化: socks5:// -> socks5h://
14:47:49 [INFO] http_client: 代理协议已标准化: socks5:// -> socks5h://
14:47:49 [INFO] http_client: 代理协议已标准化: socks5:// -> socks5h://
14:47:50 [INFO] proxy_health: 健康检查完成: 8 正常 / 0 异常 / 0 移除（耗时 0.9s）
14:52:50 [INFO] http_client: 代理协议已标准化: socks5:// -> socks5h://
14:52:50 [INFO] http_client: 代理协议已标准化: socks5:// -> socks5h://
14:52:50 [INFO] http_client: 代理协议已标准化: socks5:// -> socks5h://
14:52:50 [INFO] http_client: 代理协议已标准化: socks5:// -> socks5h://
14:52:50 [INFO] http_client: 代理协议已标准化: socks5:// -> socks5h://
14:52:50 [INFO] http_client: 代理协议已标准化: socks5:// -> socks5h://
14:52:50 [INFO] http_client: 代理协议已标准化: socks5:// -> socks5h://
14:52:50 [INFO] http_client: 代理协议已标准化: socks5:// -> socks5h://
14:52:51 [INFO] proxy_health: 健康检查完成: 8 正常 / 0 异常 / 0 移除（耗时 1.0s）
14:57:51 [INFO] http_client: 代理协议已标准化: socks5:// -> socks5h://
14:57:51 [INFO] http_client: 代理协议已标准化: socks5:// -> socks5h://
14:57:51 [INFO] http_client: 代理协议已标准化: socks5:// -> socks5h://
14:57:51 [INFO] http_client: 代理协议已标准化: socks5:// -> socks5h://
14:57:51 [INFO] http_client: 代理协议已标准化: socks5:// -> socks5h://
14:57:51 [INFO] http_client: 代理协议已标准化: socks5:// -> socks5h://
14:57:51 [INFO] http_client: 代理协议已标准化: socks5:// -> socks5h://
14:57:51 [INFO] http_client: 代理协议已标准化: socks5:// -> socks5h://
14:57:52 [INFO] proxy_health: 健康检查完成: 8 正常 / 0 异常 / 0 移除（耗时 0.9s）
15:02:52 [INFO] http_client: 代理协议已标准化: socks5:// -> socks5h://
15:02:52 [INFO] http_client: 代理协议已标准化: socks5:// -> socks5h://
15:02:52 [INFO] http_client: 代理协议已标准化: socks5:// -> socks5h://
15:02:52 [INFO] http_client: 代理协议已标准化: socks5:// -> socks5h://
15:02:52 [INFO] http_client: 代理协议已标准化: socks5:// -> socks5h://
15:02:52 [INFO] http_client: 代理协议已标准化: socks5:// -> socks5h://
15:02:52 [INFO] http_client: 代理协议已标准化: socks5:// -> socks5h://
15:02:52 [INFO] http_client: 代理协议已标准化: socks5:// -> socks5h://
15:02:53 [INFO] proxy_health: 健康检查完成: 8 正常 / 0 异常 / 0 移除（耗时 1.2s）
15:07:53 [INFO] http_client: 代理协议已标准化: socks5:// -> socks5h://
15:07:53 [INFO] http_client: 代理协议已标准化: socks5:// -> socks5h://
15:07:53 [INFO] http_client: 代理协议已标准化: socks5:// -> socks5h://
15:07:53 [INFO] http_client: 代理协议已标准化: socks5:// -> socks5h://
15:07:53 [INFO] http_client: 代理协议已标准化: socks5:// -> socks5h://
15:07:53 [INFO] http_client: 代理协议已标准化: socks5:// -> socks5h://
15:07:53 [INFO] http_client: 代理协议已标准化: socks5:// -> socks5h://
15:07:53 [INFO] http_client: 代理协议已标准化: socks5:// -> socks5h://
15:07:54 [INFO] proxy_health: 健康检查完成: 8 正常 / 0 异常 / 0 移除（耗时 0.9s）
15:12:54 [INFO] http_client: 代理协议已标准化: socks5:// -> socks5h://
15:12:54 [INFO] http_client: 代理协议已标准化: socks5:// -> socks5h://
15:12:54 [INFO] http_client: 代理协议已标准化: socks5:// -> socks5h://
15:12:54 [INFO] http_client: 代理协议已标准化: socks5:// -> socks5h://
15:12:54 [INFO] http_client: 代理协议已标准化: socks5:// -> socks5h://
15:12:54 [INFO] http_client: 代理协议已标准化: socks5:// -> socks5h://
15:12:54 [INFO] http_client: 代理协议已标准化: socks5:// -> socks5h://
15:12:54 [INFO] http_client: 代理协议已标准化: socks5:// -> socks5h://
15:12:55 [INFO] proxy_health: 健康检查完成: 8 正常 / 0 异常 / 0 移除（耗时 0.9s）
15:17:55 [INFO] http_client: 代理协议已标准化: socks5:// -> socks5h://
15:17:55 [INFO] http_client: 代理协议已标准化: socks5:// -> socks5h://
15:17:55 [INFO] http_client: 代理协议已标准化: socks5:// -> socks5h://
15:17:55 [INFO] http_client: 代理协议已标准化: socks5:// -> socks5h://
15:17:55 [INFO] http_client: 代理协议已标准化: socks5:// -> socks5h://
15:17:55 [INFO] http_client: 代理协议已标准化: socks5:// -> socks5h://
15:17:55 [INFO] http_client: 代理协议已标准化: socks5:// -> socks5h://
15:17:55 [INFO] http_client: 代理协议已标准化: socks5:// -> socks5h://
15:17:56 [INFO] proxy_health: 健康检查完成: 8 正常 / 0 异常 / 0 移除（耗时 1.1s）
15:22:56 [INFO] http_client: 代理协议已标准化: socks5:// -> socks5h://
15:22:56 [INFO] http_client: 代理协议已标准化: socks5:// -> socks5h://
15:22:56 [INFO] http_client: 代理协议已标准化: socks5:// -> socks5h://
15:22:56 [INFO] http_client: 代理协议已标准化: socks5:// -> socks5h://
15:22:56 [INFO] http_client: 代理协议已标准化: socks5:// -> socks5h://
15:22:56 [INFO] http_client: 代理协议已标准化: socks5:// -> socks5h://
15:22:56 [INFO] http_client: 代理协议已标准化: socks5:// -> socks5h://
15:22:56 [INFO] http_client: 代理协议已标准化: socks5:// -> socks5h://
15:22:57 [INFO] proxy_health: 健康检查完成: 8 正常 / 0 异常 / 0 移除（耗时 1.1s）
15:27:57 [INFO] http_client: 代理协议已标准化: socks5:// -> socks5h://
15:27:57 [INFO] http_client: 代理协议已标准化: socks5:// -> socks5h://
15:27:57 [INFO] http_client: 代理协议已标准化: socks5:// -> socks5h://
15:27:57 [INFO] http_client: 代理协议已标准化: socks5:// -> socks5h://
15:27:57 [INFO] http_client: 代理协议已标准化: socks5:// -> socks5h://
15:27:57 [INFO] http_client: 代理协议已标准化: socks5:// -> socks5h://
15:27:57 [INFO] http_client: 代理协议已标准化: socks5:// -> socks5h://
15:27:57 [INFO] http_client: 代理协议已标准化: socks5:// -> socks5h://
15:27:58 [INFO] proxy_health: 健康检查完成: 8 正常 / 0 异常 / 0 移除（耗时 1.1s）
15:32:58 [INFO] http_client: 代理协议已标准化: socks5:// -> socks5h://
15:32:58 [INFO] http_client: 代理协议已标准化: socks5:// -> socks5h://
15:32:58 [INFO] http_client: 代理协议已标准化: socks5:// -> socks5h://
15:32:58 [INFO] http_client: 代理协议已标准化: socks5:// -> socks5h://
15:32:58 [INFO] http_client: 代理协议已标准化: socks5:// -> socks5h://
15:32:58 [INFO] http_client: 代理协议已标准化: socks5:// -> socks5h://
15:32:58 [INFO] http_client: 代理协议已标准化: socks5:// -> socks5h://
15:32:58 [INFO] http_client: 代理协议已标准化: socks5:// -> socks5h://
15:32:59 [INFO] proxy_health: 健康检查完成: 8 正常 / 0 异常 / 0 移除（耗时 1.0s）
15:37:59 [INFO] http_client: 代理协议已标准化: socks5:// -> socks5h://
15:37:59 [INFO] http_client: 代理协议已标准化: socks5:// -> socks5h://
15:37:59 [INFO] http_client: 代理协议已标准化: socks5:// -> socks5h://
15:37:59 [INFO] http_client: 代理协议已标准化: socks5:// -> socks5h://
15:37:59 [INFO] http_client: 代理协议已标准化: socks5:// -> socks5h://
15:37:59 [INFO] http_client: 代理协议已标准化: socks5:// -> socks5h://
15:37:59 [INFO] http_client: 代理协议已标准化: socks5:// -> socks5h://
15:37:59 [INFO] http_client: 代理协议已标准化: socks5:// -> socks5h://
15:38:00 [INFO] proxy_health: 健康检查完成: 8 正常 / 0 异常 / 0 移除（耗时 0.9s）
15:43:00 [INFO] http_client: 代理协议已标准化: socks5:// -> socks5h://
15:43:00 [INFO] http_client: 代理协议已标准化: socks5:// -> socks5h://
15:43:00 [INFO] http_client: 代理协议已标准化: socks5:// -> socks5h://
15:43:00 [INFO] http_client: 代理协议已标准化: socks5:// -> socks5h://
15:43:00 [INFO] http_client: 代理协议已标准化: socks5:// -> socks5h://
15:43:00 [INFO] http_client: 代理协议已标准化: socks5:// -> socks5h://
15:43:00 [INFO] http_client: 代理协议已标准化: socks5:// -> socks5h://
15:43:00 [INFO] http_client: 代理协议已标准化: socks5:// -> socks5h://
15:43:01 [INFO] proxy_health: 健康检查完成: 8 正常 / 0 异常 / 0 移除（耗时 1.0s）
15:48:01 [INFO] http_client: 代理协议已标准化: socks5:// -> socks5h://
15:48:01 [INFO] http_client: 代理协议已标准化: socks5:// -> socks5h://
15:48:01 [INFO] http_client: 代理协议已标准化: socks5:// -> socks5h://
15:48:01 [INFO] http_client: 代理协议已标准化: socks5:// -> socks5h://
15:48:01 [INFO] http_client: 代理协议已标准化: socks5:// -> socks5h://
15:48:01 [INFO] http_client: 代理协议已标准化: socks5:// -> socks5h://
15:48:01 [INFO] http_client: 代理协议已标准化: socks5:// -> socks5h://
15:48:01 [INFO] http_client: 代理协议已标准化: socks5:// -> socks5h://
15:48:02 [INFO] proxy_health: 健康检查完成: 8 正常 / 0 异常 / 0 移除（耗时 1.4s）
15:53:02 [INFO] http_client: 代理协议已标准化: socks5:// -> socks5h://
15:53:02 [INFO] http_client: 代理协议已标准化: socks5:// -> socks5h://
15:53:02 [INFO] http_client: 代理协议已标准化: socks5:// -> socks5h://
15:53:02 [INFO] http_client: 代理协议已标准化: socks5:// -> socks5h://
15:53:02 [INFO] http_client: 代理协议已标准化: socks5:// -> socks5h://
15:53:02 [INFO] http_client: 代理协议已标准化: socks5:// -> socks5h://
15:53:02 [INFO] http_client: 代理协议已标准化: socks5:// -> socks5h://
15:53:03 [INFO] http_client: 代理协议已标准化: socks5:// -> socks5h://
15:53:03 [INFO] proxy_health: 健康检查完成: 8 正常 / 0 异常 / 0 移除（耗时 0.9s）
15:58:03 [INFO] http_client: 代理协议已标准化: socks5:// -> socks5h://
15:58:03 [INFO] http_client: 代理协议已标准化: socks5:// -> socks5h://
15:58:03 [INFO] http_client: 代理协议已标准化: socks5:// -> socks5h://
15:58:03 [INFO] http_client: 代理协议已标准化: socks5:// -> socks5h://
15:58:03 [INFO] http_client: 代理协议已标准化: socks5:// -> socks5h://
15:58:03 [INFO] http_client: 代理协议已标准化: socks5:// -> socks5h://
15:58:03 [INFO] http_client: 代理协议已标准化: socks5:// -> socks5h://
15:58:03 [INFO] http_client: 代理协议已标准化: socks5:// -> socks5h://
15:58:04 [INFO] proxy_health: 健康检查完成: 8 正常 / 0 异常 / 0 移除（耗时 1.1s）
16:03:04 [INFO] http_client: 代理协议已标准化: socks5:// -> socks5h://
16:03:04 [INFO] http_client: 代理协议已标准化: socks5:// -> socks5h://
16:03:04 [INFO] http_client: 代理协议已标准化: socks5:// -> socks5h://
16:03:04 [INFO] http_client: 代理协议已标准化: socks5:// -> socks5h://
16:03:04 [INFO] http_client: 代理协议已标准化: socks5:// -> socks5h://
16:03:04 [INFO] http_client: 代理协议已标准化: socks5:// -> socks5h://
16:03:04 [INFO] http_client: 代理协议已标准化: socks5:// -> socks5h://
16:03:04 [INFO] http_client: 代理协议已标准化: socks5:// -> socks5h://
16:03:06 [INFO] proxy_health: 健康检查完成: 8 正常 / 0 异常 / 0 移除（耗时 1.1s）
16:08:06 [INFO] http_client: 代理协议已标准化: socks5:// -> socks5h://
16:08:06 [INFO] http_client: 代理协议已标准化: socks5:// -> socks5h://
16:08:06 [INFO] http_client: 代理协议已标准化: socks5:// -> socks5h://
16:08:06 [INFO] http_client: 代理协议已标准化: socks5:// -> socks5h://
16:08:06 [INFO] http_client: 代理协议已标准化: socks5:// -> socks5h://
16:08:06 [INFO] http_client: 代理协议已标准化: socks5:// -> socks5h://
16:08:06 [INFO] http_client: 代理协议已标准化: socks5:// -> socks5h://
16:08:06 [INFO] http_client: 代理协议已标准化: socks5:// -> socks5h://
16:08:06 [INFO] proxy_health: 健康检查完成: 8 正常 / 0 异常 / 0 移除（耗时 0.9s）
16:13:06 [INFO] http_client: 代理协议已标准化: socks5:// -> socks5h://
16:13:06 [INFO] http_client: 代理协议已标准化: socks5:// -> socks5h://
16:13:06 [INFO] http_client: 代理协议已标准化: socks5:// -> socks5h://
16:13:06 [INFO] http_client: 代理协议已标准化: socks5:// -> socks5h://
16:13:06 [INFO] http_client: 代理协议已标准化: socks5:// -> socks5h://
16:13:06 [INFO] http_client: 代理协议已标准化: socks5:// -> socks5h://
16:13:06 [INFO] http_client: 代理协议已标准化: socks5:// -> socks5h://
16:13:06 [INFO] http_client: 代理协议已标准化: socks5:// -> socks5h://
16:13:07 [INFO] proxy_health: 健康检查完成: 8 正常 / 0 异常 / 0 移除（耗时 0.9s）
16:18:07 [INFO] http_client: 代理协议已标准化: socks5:// -> socks5h://
16:18:07 [INFO] http_client: 代理协议已标准化: socks5:// -> socks5h://
16:18:07 [INFO] http_client: 代理协议已标准化: socks5:// -> socks5h://
16:18:07 [INFO] http_client: 代理协议已标准化: socks5:// -> socks5h://
16:18:07 [INFO] http_client: 代理协议已标准化: socks5:// -> socks5h://
16:18:07 [INFO] http_client: 代理协议已标准化: socks5:// -> socks5h://
16:18:07 [INFO] http_client: 代理协议已标准化: socks5:// -> socks5h://
16:18:07 [INFO] http_client: 代理协议已标准化: socks5:// -> socks5h://
16:18:08 [INFO] proxy_health: 健康检查完成: 8 正常 / 0 异常 / 0 移除（耗时 0.9s）
16:23:08 [INFO] http_client: 代理协议已标准化: socks5:// -> socks5h://
16:23:08 [INFO] http_client: 代理协议已标准化: socks5:// -> socks5h://
16:23:08 [INFO] http_client: 代理协议已标准化: socks5:// -> socks5h://
16:23:08 [INFO] http_client: 代理协议已标准化: socks5:// -> socks5h://
16:23:08 [INFO] http_client: 代理协议已标准化: socks5:// -> socks5h://
16:23:08 [INFO] http_client: 代理协议已标准化: socks5:// -> socks5h://
16:23:08 [INFO] http_client: 代理协议已标准化: socks5:// -> socks5h://
16:23:08 [INFO] http_client: 代理协议已标准化: socks5:// -> socks5h://
16:23:09 [INFO] proxy_health: 健康检查完成: 8 正常 / 0 异常 / 0 移除（耗时 0.9s）
16:28:09 [INFO] http_client: 代理协议已标准化: socks5:// -> socks5h://
16:28:09 [INFO] http_client: 代理协议已标准化: socks5:// -> socks5h://
16:28:09 [INFO] http_client: 代理协议已标准化: socks5:// -> socks5h://
16:28:09 [INFO] http_client: 代理协议已标准化: socks5:// -> socks5h://
16:28:09 [INFO] http_client: 代理协议已标准化: socks5:// -> socks5h://
16:28:09 [INFO] http_client: 代理协议已标准化: socks5:// -> socks5h://
16:28:09 [INFO] http_client: 代理协议已标准化: socks5:// -> socks5h://
16:28:09 [INFO] http_client: 代理协议已标准化: socks5:// -> socks5h://
16:28:10 [INFO] proxy_health: 健康检查完成: 8 正常 / 0 异常 / 0 移除（耗时 0.9s）
16:33:10 [INFO] http_client: 代理协议已标准化: socks5:// -> socks5h://
16:33:10 [INFO] http_client: 代理协议已标准化: socks5:// -> socks5h://
16:33:10 [INFO] http_client: 代理协议已标准化: socks5:// -> socks5h://
16:33:10 [INFO] http_client: 代理协议已标准化: socks5:// -> socks5h://
16:33:10 [INFO] http_client: 代理协议已标准化: socks5:// -> socks5h://
16:33:10 [INFO] http_client: 代理协议已标准化: socks5:// -> socks5h://
16:33:10 [INFO] http_client: 代理协议已标准化: socks5:// -> socks5h://
16:33:10 [INFO] http_client: 代理协议已标准化: socks5:// -> socks5h://
16:33:11 [INFO] proxy_health: 健康检查完成: 8 正常 / 0 异常 / 0 移除（耗时 0.9s）
16:38:11 [INFO] http_client: 代理协议已标准化: socks5:// -> socks5h://
16:38:11 [INFO] http_client: 代理协议已标准化: socks5:// -> socks5h://
16:38:11 [INFO] http_client: 代理协议已标准化: socks5:// -> socks5h://
16:38:11 [INFO] http_client: 代理协议已标准化: socks5:// -> socks5h://
16:38:11 [INFO] http_client: 代理协议已标准化: socks5:// -> socks5h://
16:38:11 [INFO] http_client: 代理协议已标准化: socks5:// -> socks5h://
16:38:11 [INFO] http_client: 代理协议已标准化: socks5:// -> socks5h://
16:38:11 [INFO] http_client: 代理协议已标准化: socks5:// -> socks5h://
16:38:12 [INFO] proxy_health: 健康检查完成: 8 正常 / 0 异常 / 0 移除（耗时 1.1s）
16:43:12 [INFO] http_client: 代理协议已标准化: socks5:// -> socks5h://
16:43:12 [INFO] http_client: 代理协议已标准化: socks5:// -> socks5h://
16:43:12 [INFO] http_client: 代理协议已标准化: socks5:// -> socks5h://
16:43:12 [INFO] http_client: 代理协议已标准化: socks5:// -> socks5h://
16:43:12 [INFO] http_client: 代理协议已标准化: socks5:// -> socks5h://
16:43:12 [INFO] http_client: 代理协议已标准化: socks5:// -> socks5h://
16:43:12 [INFO] http_client: 代理协议已标准化: socks5:// -> socks5h://
16:43:12 [INFO] http_client: 代理协议已标准化: socks5:// -> socks5h://
16:43:13 [INFO] proxy_health: 健康检查完成: 8 正常 / 0 异常 / 0 移除（耗时 1.0s）
16:48:13 [INFO] http_client: 代理协议已标准化: socks5:// -> socks5h://
16:48:13 [INFO] http_client: 代理协议已标准化: socks5:// -> socks5h://
16:48:13 [INFO] http_client: 代理协议已标准化: socks5:// -> socks5h://
16:48:13 [INFO] http_client: 代理协议已标准化: socks5:// -> socks5h://
16:48:13 [INFO] http_client: 代理协议已标准化: socks5:// -> socks5h://
16:48:13 [INFO] http_client: 代理协议已标准化: socks5:// -> socks5h://
16:48:13 [INFO] http_client: 代理协议已标准化: socks5:// -> socks5h://
16:48:13 [INFO] http_client: 代理协议已标准化: socks5:// -> socks5h://
16:48:14 [INFO] proxy_health: 健康检查完成: 8 正常 / 0 异常 / 0 移除（耗时 0.9s）
16:53:14 [INFO] http_client: 代理协议已标准化: socks5:// -> socks5h://
16:53:14 [INFO] http_client: 代理协议已标准化: socks5:// -> socks5h://
16:53:14 [INFO] http_client: 代理协议已标准化: socks5:// -> socks5h://
16:53:14 [INFO] http_client: 代理协议已标准化: socks5:// -> socks5h://
16:53:14 [INFO] http_client: 代理协议已标准化: socks5:// -> socks5h://
16:53:14 [INFO] http_client: 代理协议已标准化: socks5:// -> socks5h://
16:53:14 [INFO] http_client: 代理协议已标准化: socks5:// -> socks5h://
16:53:14 [INFO] http_client: 代理协议已标准化: socks5:// -> socks5h://
16:53:15 [INFO] proxy_health: 健康检查完成: 8 正常 / 0 异常 / 0 移除（耗时 1.1s）
16:58:15 [INFO] http_client: 代理协议已标准化: socks5:// -> socks5h://
16:58:15 [INFO] http_client: 代理协议已标准化: socks5:// -> socks5h://
16:58:15 [INFO] http_client: 代理协议已标准化: socks5:// -> socks5h://
16:58:15 [INFO] http_client: 代理协议已标准化: socks5:// -> socks5h://
16:58:15 [INFO] http_client: 代理协议已标准化: socks5:// -> socks5h://
16:58:15 [INFO] http_client: 代理协议已标准化: socks5:// -> socks5h://
16:58:15 [INFO] http_client: 代理协议已标准化: socks5:// -> socks5h://
16:58:15 [INFO] http_client: 代理协议已标准化: socks5:// -> socks5h://
16:58:16 [INFO] proxy_health: 健康检查完成: 8 正常 / 0 异常 / 0 移除（耗时 0.9s）
17:03:16 [INFO] http_client: 代理协议已标准化: socks5:// -> socks5h://
17:03:16 [INFO] http_client: 代理协议已标准化: socks5:// -> socks5h://
17:03:16 [INFO] http_client: 代理协议已标准化: socks5:// -> socks5h://
17:03:16 [INFO] http_client: 代理协议已标准化: socks5:// -> socks5h://
17:03:16 [INFO] http_client: 代理协议已标准化: socks5:// -> socks5h://
17:03:16 [INFO] http_client: 代理协议已标准化: socks5:// -> socks5h://
17:03:16 [INFO] http_client: 代理协议已标准化: socks5:// -> socks5h://
17:03:16 [INFO] http_client: 代理协议已标准化: socks5:// -> socks5h://
17:03:17 [INFO] proxy_health: 健康检查完成: 8 正常 / 0 异常 / 0 移除（耗时 0.9s）
17:08:17 [INFO] http_client: 代理协议已标准化: socks5:// -> socks5h://
17:08:17 [INFO] http_client: 代理协议已标准化: socks5:// -> socks5h://
17:08:17 [INFO] http_client: 代理协议已标准化: socks5:// -> socks5h://
17:08:17 [INFO] http_client: 代理协议已标准化: socks5:// -> socks5h://
17:08:17 [INFO] http_client: 代理协议已标准化: socks5:// -> socks5h://
17:08:17 [INFO] http_client: 代理协议已标准化: socks5:// -> socks5h://
17:08:17 [INFO] http_client: 代理协议已标准化: socks5:// -> socks5h://
17:08:17 [INFO] http_client: 代理协议已标准化: socks5:// -> socks5h://
17:08:18 [INFO] proxy_health: 健康检查完成: 8 正常 / 0 异常 / 0 移除（耗时 1.2s）
17:13:18 [INFO] http_client: 代理协议已标准化: socks5:// -> socks5h://
17:13:18 [INFO] http_client: 代理协议已标准化: socks5:// -> socks5h://
17:13:18 [INFO] http_client: 代理协议已标准化: socks5:// -> socks5h://
17:13:18 [INFO] http_client: 代理协议已标准化: socks5:// -> socks5h://
17:13:18 [INFO] http_client: 代理协议已标准化: socks5:// -> socks5h://
17:13:18 [INFO] http_client: 代理协议已标准化: socks5:// -> socks5h://
17:13:18 [INFO] http_client: 代理协议已标准化: socks5:// -> socks5h://
17:13:18 [INFO] http_client: 代理协议已标准化: socks5:// -> socks5h://
17:13:19 [INFO] proxy_health: 健康检查完成: 8 正常 / 0 异常 / 0 移除（耗时 0.9s）
17:18:19 [INFO] http_client: 代理协议已标准化: socks5:// -> socks5h://
17:18:19 [INFO] http_client: 代理协议已标准化: socks5:// -> socks5h://
17:18:19 [INFO] http_client: 代理协议已标准化: socks5:// -> socks5h://
17:18:19 [INFO] http_client: 代理协议已标准化: socks5:// -> socks5h://
17:18:19 [INFO] http_client: 代理协议已标准化: socks5:// -> socks5h://
17:18:19 [INFO] http_client: 代理协议已标准化: socks5:// -> socks5h://
17:18:19 [INFO] http_client: 代理协议已标准化: socks5:// -> socks5h://
17:18:19 [INFO] http_client: 代理协议已标准化: socks5:// -> socks5h://
17:18:20 [INFO] proxy_health: 健康检查完成: 8 正常 / 0 异常 / 0 移除（耗时 0.9s）
17:23:20 [INFO] http_client: 代理协议已标准化: socks5:// -> socks5h://
17:23:20 [INFO] http_client: 代理协议已标准化: socks5:// -> socks5h://
17:23:20 [INFO] http_client: 代理协议已标准化: socks5:// -> socks5h://
17:23:20 [INFO] http_client: 代理协议已标准化: socks5:// -> socks5h://
17:23:20 [INFO] http_client: 代理协议已标准化: socks5:// -> socks5h://
17:23:20 [INFO] http_client: 代理协议已标准化: socks5:// -> socks5h://
17:23:20 [INFO] http_client: 代理协议已标准化: socks5:// -> socks5h://
17:23:20 [INFO] http_client: 代理协议已标准化: socks5:// -> socks5h://
17:23:21 [INFO] proxy_health: 健康检查完成: 8 正常 / 0 异常 / 0 移除（耗时 1.3s）
17:28:21 [INFO] http_client: 代理协议已标准化: socks5:// -> socks5h://
17:28:21 [INFO] http_client: 代理协议已标准化: socks5:// -> socks5h://
17:28:21 [INFO] http_client: 代理协议已标准化: socks5:// -> socks5h://
17:28:21 [INFO] http_client: 代理协议已标准化: socks5:// -> socks5h://
17:28:21 [INFO] http_client: 代理协议已标准化: socks5:// -> socks5h://
17:28:21 [INFO] http_client: 代理协议已标准化: socks5:// -> socks5h://
17:28:21 [INFO] http_client: 代理协议已标准化: socks5:// -> socks5h://
17:28:21 [INFO] http_client: 代理协议已标准化: socks5:// -> socks5h://
17:28:22 [INFO] proxy_health: 健康检查完成: 8 正常 / 0 异常 / 0 移除（耗时 0.9s）
17:33:22 [INFO] http_client: 代理协议已标准化: socks5:// -> socks5h://
17:33:22 [INFO] http_client: 代理协议已标准化: socks5:// -> socks5h://
17:33:22 [INFO] http_client: 代理协议已标准化: socks5:// -> socks5h://
17:33:22 [INFO] http_client: 代理协议已标准化: socks5:// -> socks5h://
17:33:22 [INFO] http_client: 代理协议已标准化: socks5:// -> socks5h://
17:33:22 [INFO] http_client: 代理协议已标准化: socks5:// -> socks5h://
17:33:22 [INFO] http_client: 代理协议已标准化: socks5:// -> socks5h://
17:33:22 [INFO] http_client: 代理协议已标准化: socks5:// -> socks5h://
17:33:23 [INFO] proxy_health: 健康检查完成: 8 正常 / 0 异常 / 0 移除（耗时 0.9s）
17:38:23 [INFO] http_client: 代理协议已标准化: socks5:// -> socks5h://
17:38:23 [INFO] http_client: 代理协议已标准化: socks5:// -> socks5h://
17:38:23 [INFO] http_client: 代理协议已标准化: socks5:// -> socks5h://
17:38:23 [INFO] http_client: 代理协议已标准化: socks5:// -> socks5h://
17:38:23 [INFO] http_client: 代理协议已标准化: socks5:// -> socks5h://
17:38:23 [INFO] http_client: 代理协议已标准化: socks5:// -> socks5h://
17:38:23 [INFO] http_client: 代理协议已标准化: socks5:// -> socks5h://
17:38:23 [INFO] http_client: 代理协议已标准化: socks5:// -> socks5h://
17:38:24 [INFO] proxy_health: 健康检查完成: 8 正常 / 0 异常 / 0 移除（耗时 1.2s）
17:43:24 [INFO] http_client: 代理协议已标准化: socks5:// -> socks5h://
17:43:24 [INFO] http_client: 代理协议已标准化: socks5:// -> socks5h://
17:43:24 [INFO] http_client: 代理协议已标准化: socks5:// -> socks5h://
17:43:24 [INFO] http_client: 代理协议已标准化: socks5:// -> socks5h://
17:43:24 [INFO] http_client: 代理协议已标准化: socks5:// -> socks5h://
17:43:24 [INFO] http_client: 代理协议已标准化: socks5:// -> socks5h://
17:43:24 [INFO] http_client: 代理协议已标准化: socks5:// -> socks5h://
17:43:24 [INFO] http_client: 代理协议已标准化: socks5:// -> socks5h://
17:43:25 [INFO] proxy_health: 健康检查完成: 8 正常 / 0 异常 / 0 移除（耗时 0.9s）
17:48:25 [INFO] http_client: 代理协议已标准化: socks5:// -> socks5h://
17:48:25 [INFO] http_client: 代理协议已标准化: socks5:// -> socks5h://
17:48:25 [INFO] http_client: 代理协议已标准化: socks5:// -> socks5h://
17:48:25 [INFO] http_client: 代理协议已标准化: socks5:// -> socks5h://
17:48:25 [INFO] http_client: 代理协议已标准化: socks5:// -> socks5h://
17:48:25 [INFO] http_client: 代理协议已标准化: socks5:// -> socks5h://
17:48:25 [INFO] http_client: 代理协议已标准化: socks5:// -> socks5h://
17:48:25 [INFO] http_client: 代理协议已标准化: socks5:// -> socks5h://
17:48:25 [INFO] proxy_health: 健康检查完成: 8 正常 / 0 异常 / 0 移除（耗时 0.9s）
17:53:25 [INFO] http_client: 代理协议已标准化: socks5:// -> socks5h://
17:53:25 [INFO] http_client: 代理协议已标准化: socks5:// -> socks5h://
17:53:26 [INFO] http_client: 代理协议已标准化: socks5:// -> socks5h://
17:53:26 [INFO] http_client: 代理协议已标准化: socks5:// -> socks5h://
17:53:26 [INFO] http_client: 代理协议已标准化: socks5:// -> socks5h://
17:53:26 [INFO] http_client: 代理协议已标准化: socks5:// -> socks5h://
17:53:26 [INFO] http_client: 代理协议已标准化: socks5:// -> socks5h://
17:53:26 [INFO] http_client: 代理协议已标准化: socks5:// -> socks5h://
17:53:26 [INFO] proxy_health: 健康检查完成: 8 正常 / 0 异常 / 0 移除（耗时 1.0s）
17:58:26 [INFO] http_client: 代理协议已标准化: socks5:// -> socks5h://
17:58:26 [INFO] http_client: 代理协议已标准化: socks5:// -> socks5h://
17:58:26 [INFO] http_client: 代理协议已标准化: socks5:// -> socks5h://
17:58:26 [INFO] http_client: 代理协议已标准化: socks5:// -> socks5h://
17:58:26 [INFO] http_client: 代理协议已标准化: socks5:// -> socks5h://
17:58:26 [INFO] http_client: 代理协议已标准化: socks5:// -> socks5h://
17:58:26 [INFO] http_client: 代理协议已标准化: socks5:// -> socks5h://
17:58:26 [INFO] http_client: 代理协议已标准化: socks5:// -> socks5h://
17:58:28 [INFO] proxy_health: 健康检查完成: 8 正常 / 0 异常 / 0 移除（耗时 1.1s）
18:03:28 [INFO] http_client: 代理协议已标准化: socks5:// -> socks5h://
18:03:28 [INFO] http_client: 代理协议已标准化: socks5:// -> socks5h://
18:03:28 [INFO] http_client: 代理协议已标准化: socks5:// -> socks5h://
18:03:28 [INFO] http_client: 代理协议已标准化: socks5:// -> socks5h://
18:03:28 [INFO] http_client: 代理协议已标准化: socks5:// -> socks5h://
18:03:28 [INFO] http_client: 代理协议已标准化: socks5:// -> socks5h://
18:03:28 [INFO] http_client: 代理协议已标准化: socks5:// -> socks5h://
18:03:28 [INFO] http_client: 代理协议已标准化: socks5:// -> socks5h://
18:03:28 [INFO] proxy_health: 健康检查完成: 8 正常 / 0 异常 / 0 移除（耗时 0.9s）
18:08:28 [INFO] http_client: 代理协议已标准化: socks5:// -> socks5h://
18:08:28 [INFO] http_client: 代理协议已标准化: socks5:// -> socks5h://
18:08:28 [INFO] http_client: 代理协议已标准化: socks5:// -> socks5h://
18:08:28 [INFO] http_client: 代理协议已标准化: socks5:// -> socks5h://
18:08:28 [INFO] http_client: 代理协议已标准化: socks5:// -> socks5h://
18:08:28 [INFO] http_client: 代理协议已标准化: socks5:// -> socks5h://
18:08:28 [INFO] http_client: 代理协议已标准化: socks5:// -> socks5h://
18:08:28 [INFO] http_client: 代理协议已标准化: socks5:// -> socks5h://
18:08:29 [INFO] proxy_health: 健康检查完成: 8 正常 / 0 异常 / 0 移除（耗时 0.9s）
18:13:29 [INFO] http_client: 代理协议已标准化: socks5:// -> socks5h://
18:13:29 [INFO] http_client: 代理协议已标准化: socks5:// -> socks5h://
18:13:29 [INFO] http_client: 代理协议已标准化: socks5:// -> socks5h://
18:13:29 [INFO] http_client: 代理协议已标准化: socks5:// -> socks5h://
18:13:29 [INFO] http_client: 代理协议已标准化: socks5:// -> socks5h://
18:13:29 [INFO] http_client: 代理协议已标准化: socks5:// -> socks5h://
18:13:29 [INFO] http_client: 代理协议已标准化: socks5:// -> socks5h://
18:13:29 [INFO] http_client: 代理协议已标准化: socks5:// -> socks5h://
18:13:30 [INFO] proxy_health: 健康检查完成: 8 正常 / 0 异常 / 0 移除（耗时 0.9s）
18:18:30 [INFO] http_client: 代理协议已标准化: socks5:// -> socks5h://
18:18:30 [INFO] http_client: 代理协议已标准化: socks5:// -> socks5h://
18:18:30 [INFO] http_client: 代理协议已标准化: socks5:// -> socks5h://
18:18:30 [INFO] http_client: 代理协议已标准化: socks5:// -> socks5h://
18:18:30 [INFO] http_client: 代理协议已标准化: socks5:// -> socks5h://
18:18:30 [INFO] http_client: 代理协议已标准化: socks5:// -> socks5h://
18:18:30 [INFO] http_client: 代理协议已标准化: socks5:// -> socks5h://
18:18:30 [INFO] http_client: 代理协议已标准化: socks5:// -> socks5h://
18:18:31 [INFO] proxy_health: 健康检查完成: 8 正常 / 0 异常 / 0 移除（耗时 0.9s）
18:23:31 [INFO] http_client: 代理协议已标准化: socks5:// -> socks5h://
18:23:31 [INFO] http_client: 代理协议已标准化: socks5:// -> socks5h://
18:23:31 [INFO] http_client: 代理协议已标准化: socks5:// -> socks5h://
18:23:31 [INFO] http_client: 代理协议已标准化: socks5:// -> socks5h://
18:23:31 [INFO] http_client: 代理协议已标准化: socks5:// -> socks5h://
18:23:31 [INFO] http_client: 代理协议已标准化: socks5:// -> socks5h://
18:23:31 [INFO] http_client: 代理协议已标准化: socks5:// -> socks5h://
18:23:31 [INFO] http_client: 代理协议已标准化: socks5:// -> socks5h://
18:23:32 [INFO] proxy_health: 健康检查完成: 8 正常 / 0 异常 / 0 移除（耗时 0.9s）
18:28:32 [INFO] http_client: 代理协议已标准化: socks5:// -> socks5h://
18:28:32 [INFO] http_client: 代理协议已标准化: socks5:// -> socks5h://
18:28:32 [INFO] http_client: 代理协议已标准化: socks5:// -> socks5h://
18:28:32 [INFO] http_client: 代理协议已标准化: socks5:// -> socks5h://
18:28:32 [INFO] http_client: 代理协议已标准化: socks5:// -> socks5h://
18:28:32 [INFO] http_client: 代理协议已标准化: socks5:// -> socks5h://
18:28:32 [INFO] http_client: 代理协议已标准化: socks5:// -> socks5h://
18:28:32 [INFO] http_client: 代理协议已标准化: socks5:// -> socks5h://
18:28:33 [INFO] proxy_health: 健康检查完成: 8 正常 / 0 异常 / 0 移除（耗时 0.9s）
18:33:33 [INFO] http_client: 代理协议已标准化: socks5:// -> socks5h://
18:33:33 [INFO] http_client: 代理协议已标准化: socks5:// -> socks5h://
18:33:33 [INFO] http_client: 代理协议已标准化: socks5:// -> socks5h://
18:33:33 [INFO] http_client: 代理协议已标准化: socks5:// -> socks5h://
18:33:33 [INFO] http_client: 代理协议已标准化: socks5:// -> socks5h://
18:33:33 [INFO] http_client: 代理协议已标准化: socks5:// -> socks5h://
18:33:33 [INFO] http_client: 代理协议已标准化: socks5:// -> socks5h://
18:33:33 [INFO] http_client: 代理协议已标准化: socks5:// -> socks5h://
18:33:34 [INFO] proxy_health: 健康检查完成: 8 正常 / 0 异常 / 0 移除（耗时 1.0s）
18:38:34 [INFO] http_client: 代理协议已标准化: socks5:// -> socks5h://
18:38:34 [INFO] http_client: 代理协议已标准化: socks5:// -> socks5h://
18:38:34 [INFO] http_client: 代理协议已标准化: socks5:// -> socks5h://
18:38:34 [INFO] http_client: 代理协议已标准化: socks5:// -> socks5h://
18:38:34 [INFO] http_client: 代理协议已标准化: socks5:// -> socks5h://
18:38:34 [INFO] http_client: 代理协议已标准化: socks5:// -> socks5h://
18:38:34 [INFO] http_client: 代理协议已标准化: socks5:// -> socks5h://
18:38:34 [INFO] http_client: 代理协议已标准化: socks5:// -> socks5h://
18:38:35 [INFO] proxy_health: 健康检查完成: 8 正常 / 0 异常 / 0 移除（耗时 0.9s）
18:43:35 [INFO] http_client: 代理协议已标准化: socks5:// -> socks5h://
18:43:35 [INFO] http_client: 代理协议已标准化: socks5:// -> socks5h://
18:43:35 [INFO] http_client: 代理协议已标准化: socks5:// -> socks5h://
18:43:35 [INFO] http_client: 代理协议已标准化: socks5:// -> socks5h://
18:43:35 [INFO] http_client: 代理协议已标准化: socks5:// -> socks5h://
18:43:35 [INFO] http_client: 代理协议已标准化: socks5:// -> socks5h://
18:43:35 [INFO] http_client: 代理协议已标准化: socks5:// -> socks5h://
18:43:35 [INFO] http_client: 代理协议已标准化: socks5:// -> socks5h://
18:43:36 [INFO] proxy_health: 健康检查完成: 8 正常 / 0 异常 / 0 移除（耗时 1.0s）
18:48:36 [INFO] http_client: 代理协议已标准化: socks5:// -> socks5h://
18:48:36 [INFO] http_client: 代理协议已标准化: socks5:// -> socks5h://
18:48:36 [INFO] http_client: 代理协议已标准化: socks5:// -> socks5h://
18:48:36 [INFO] http_client: 代理协议已标准化: socks5:// -> socks5h://
18:48:36 [INFO] http_client: 代理协议已标准化: socks5:// -> socks5h://
18:48:36 [INFO] http_client: 代理协议已标准化: socks5:// -> socks5h://
18:48:36 [INFO] http_client: 代理协议已标准化: socks5:// -> socks5h://
18:48:36 [INFO] http_client: 代理协议已标准化: socks5:// -> socks5h://
18:48:37 [INFO] proxy_health: 健康检查完成: 8 正常 / 0 异常 / 0 移除（耗时 0.9s）
18:53:37 [INFO] http_client: 代理协议已标准化: socks5:// -> socks5h://
18:53:37 [INFO] http_client: 代理协议已标准化: socks5:// -> socks5h://
18:53:37 [INFO] http_client: 代理协议已标准化: socks5:// -> socks5h://
18:53:37 [INFO] http_client: 代理协议已标准化: socks5:// -> socks5h://
18:53:37 [INFO] http_client: 代理协议已标准化: socks5:// -> socks5h://
18:53:37 [INFO] http_client: 代理协议已标准化: socks5:// -> socks5h://
18:53:37 [INFO] http_client: 代理协议已标准化: socks5:// -> socks5h://
18:53:37 [INFO] http_client: 代理协议已标准化: socks5:// -> socks5h://
18:53:38 [INFO] proxy_health: 健康检查完成: 8 正常 / 0 异常 / 0 移除（耗时 1.1s）
18:58:38 [INFO] http_client: 代理协议已标准化: socks5:// -> socks5h://
18:58:38 [INFO] http_client: 代理协议已标准化: socks5:// -> socks5h://
18:58:38 [INFO] http_client: 代理协议已标准化: socks5:// -> socks5h://
18:58:38 [INFO] http_client: 代理协议已标准化: socks5:// -> socks5h://
18:58:38 [INFO] http_client: 代理协议已标准化: socks5:// -> socks5h://
18:58:38 [INFO] http_client: 代理协议已标准化: socks5:// -> socks5h://
18:58:38 [INFO] http_client: 代理协议已标准化: socks5:// -> socks5h://
18:58:38 [INFO] http_client: 代理协议已标准化: socks5:// -> socks5h://
18:58:39 [INFO] proxy_health: 健康检查完成: 8 正常 / 0 异常 / 0 移除（耗时 0.9s）
19:03:39 [INFO] http_client: 代理协议已标准化: socks5:// -> socks5h://
19:03:39 [INFO] http_client: 代理协议已标准化: socks5:// -> socks5h://
19:03:39 [INFO] http_client: 代理协议已标准化: socks5:// -> socks5h://
19:03:39 [INFO] http_client: 代理协议已标准化: socks5:// -> socks5h://
19:03:39 [INFO] http_client: 代理协议已标准化: socks5:// -> socks5h://
19:03:39 [INFO] http_client: 代理协议已标准化: socks5:// -> socks5h://
19:03:39 [INFO] http_client: 代理协议已标准化: socks5:// -> socks5h://
19:03:39 [INFO] http_client: 代理协议已标准化: socks5:// -> socks5h://
19:03:39 [INFO] proxy_health: 健康检查完成: 8 正常 / 0 异常 / 0 移除（耗时 0.9s）
19:08:39 [INFO] http_client: 代理协议已标准化: socks5:// -> socks5h://
19:08:39 [INFO] http_client: 代理协议已标准化: socks5:// -> socks5h://
19:08:39 [INFO] http_client: 代理协议已标准化: socks5:// -> socks5h://
19:08:39 [INFO] http_client: 代理协议已标准化: socks5:// -> socks5h://
19:08:39 [INFO] http_client: 代理协议已标准化: socks5:// -> socks5h://
19:08:39 [INFO] http_client: 代理协议已标准化: socks5:// -> socks5h://
19:08:39 [INFO] http_client: 代理协议已标准化: socks5:// -> socks5h://
19:08:39 [INFO] http_client: 代理协议已标准化: socks5:// -> socks5h://
19:08:40 [INFO] proxy_health: 健康检查完成: 8 正常 / 0 异常 / 0 移除（耗时 0.9s）
19:13:40 [INFO] http_client: 代理协议已标准化: socks5:// -> socks5h://
19:13:40 [INFO] http_client: 代理协议已标准化: socks5:// -> socks5h://
19:13:40 [INFO] http_client: 代理协议已标准化: socks5:// -> socks5h://
19:13:40 [INFO] http_client: 代理协议已标准化: socks5:// -> socks5h://
19:13:40 [INFO] http_client: 代理协议已标准化: socks5:// -> socks5h://
19:13:40 [INFO] http_client: 代理协议已标准化: socks5:// -> socks5h://
19:13:40 [INFO] http_client: 代理协议已标准化: socks5:// -> socks5h://
19:13:40 [INFO] http_client: 代理协议已标准化: socks5:// -> socks5h://
19:13:41 [INFO] proxy_health: 健康检查完成: 8 正常 / 0 异常 / 0 移除（耗时 0.9s）
19:18:41 [INFO] http_client: 代理协议已标准化: socks5:// -> socks5h://
19:18:41 [INFO] http_client: 代理协议已标准化: socks5:// -> socks5h://
19:18:41 [INFO] http_client: 代理协议已标准化: socks5:// -> socks5h://
19:18:41 [INFO] http_client: 代理协议已标准化: socks5:// -> socks5h://
19:18:41 [INFO] http_client: 代理协议已标准化: socks5:// -> socks5h://
19:18:41 [INFO] http_client: 代理协议已标准化: socks5:// -> socks5h://
19:18:41 [INFO] http_client: 代理协议已标准化: socks5:// -> socks5h://
19:18:41 [INFO] http_client: 代理协议已标准化: socks5:// -> socks5h://
19:18:42 [INFO] proxy_health: 健康检查完成: 8 正常 / 0 异常 / 0 移除（耗时 0.9s）
19:23:42 [INFO] http_client: 代理协议已标准化: socks5:// -> socks5h://
19:23:42 [INFO] http_client: 代理协议已标准化: socks5:// -> socks5h://
19:23:42 [INFO] http_client: 代理协议已标准化: socks5:// -> socks5h://
19:23:42 [INFO] http_client: 代理协议已标准化: socks5:// -> socks5h://
19:23:42 [INFO] http_client: 代理协议已标准化: socks5:// -> socks5h://
19:23:42 [INFO] http_client: 代理协议已标准化: socks5:// -> socks5h://
19:23:42 [INFO] http_client: 代理协议已标准化: socks5:// -> socks5h://
19:23:42 [INFO] http_client: 代理协议已标准化: socks5:// -> socks5h://
19:23:43 [INFO] proxy_health: 健康检查完成: 8 正常 / 0 异常 / 0 移除（耗时 0.9s）
19:28:43 [INFO] http_client: 代理协议已标准化: socks5:// -> socks5h://
19:28:43 [INFO] http_client: 代理协议已标准化: socks5:// -> socks5h://
19:28:43 [INFO] http_client: 代理协议已标准化: socks5:// -> socks5h://
19:28:43 [INFO] http_client: 代理协议已标准化: socks5:// -> socks5h://
19:28:43 [INFO] http_client: 代理协议已标准化: socks5:// -> socks5h://
19:28:43 [INFO] http_client: 代理协议已标准化: socks5:// -> socks5h://
19:28:43 [INFO] http_client: 代理协议已标准化: socks5:// -> socks5h://
19:28:43 [INFO] http_client: 代理协议已标准化: socks5:// -> socks5h://
19:28:44 [INFO] proxy_health: 健康检查完成: 8 正常 / 0 异常 / 0 移除（耗时 0.9s）
19:33:44 [INFO] http_client: 代理协议已标准化: socks5:// -> socks5h://
19:33:44 [INFO] http_client: 代理协议已标准化: socks5:// -> socks5h://
19:33:44 [INFO] http_client: 代理协议已标准化: socks5:// -> socks5h://
19:33:44 [INFO] http_client: 代理协议已标准化: socks5:// -> socks5h://
19:33:44 [INFO] http_client: 代理协议已标准化: socks5:// -> socks5h://
19:33:44 [INFO] http_client: 代理协议已标准化: socks5:// -> socks5h://
19:33:44 [INFO] http_client: 代理协议已标准化: socks5:// -> socks5h://
19:33:44 [INFO] http_client: 代理协议已标准化: socks5:// -> socks5h://
19:33:45 [INFO] proxy_health: 健康检查完成: 8 正常 / 0 异常 / 0 移除（耗时 0.9s）
19:38:45 [INFO] http_client: 代理协议已标准化: socks5:// -> socks5h://
19:38:45 [INFO] http_client: 代理协议已标准化: socks5:// -> socks5h://
19:38:45 [INFO] http_client: 代理协议已标准化: socks5:// -> socks5h://
19:38:45 [INFO] http_client: 代理协议已标准化: socks5:// -> socks5h://
19:38:45 [INFO] http_client: 代理协议已标准化: socks5:// -> socks5h://
19:38:45 [INFO] http_client: 代理协议已标准化: socks5:// -> socks5h://
19:38:45 [INFO] http_client: 代理协议已标准化: socks5:// -> socks5h://
19:38:45 [INFO] http_client: 代理协议已标准化: socks5:// -> socks5h://
19:38:46 [INFO] proxy_health: 健康检查完成: 8 正常 / 0 异常 / 0 移除（耗时 0.9s）
19:43:46 [INFO] http_client: 代理协议已标准化: socks5:// -> socks5h://
19:43:46 [INFO] http_client: 代理协议已标准化: socks5:// -> socks5h://
19:43:46 [INFO] http_client: 代理协议已标准化: socks5:// -> socks5h://
19:43:46 [INFO] http_client: 代理协议已标准化: socks5:// -> socks5h://
19:43:46 [INFO] http_client: 代理协议已标准化: socks5:// -> socks5h://
19:43:46 [INFO] http_client: 代理协议已标准化: socks5:// -> socks5h://
19:43:46 [INFO] http_client: 代理协议已标准化: socks5:// -> socks5h://
19:43:46 [INFO] http_client: 代理协议已标准化: socks5:// -> socks5h://
19:43:48 [INFO] proxy_health: 健康检查完成: 8 正常 / 0 异常 / 0 移除（耗时 2.9s）
19:48:48 [INFO] http_client: 代理协议已标准化: socks5:// -> socks5h://
19:48:48 [INFO] http_client: 代理协议已标准化: socks5:// -> socks5h://
19:48:48 [INFO] http_client: 代理协议已标准化: socks5:// -> socks5h://
19:48:48 [INFO] http_client: 代理协议已标准化: socks5:// -> socks5h://
19:48:48 [INFO] http_client: 代理协议已标准化: socks5:// -> socks5h://
19:48:48 [INFO] http_client: 代理协议已标准化: socks5:// -> socks5h://
19:48:48 [INFO] http_client: 代理协议已标准化: socks5:// -> socks5h://
19:48:48 [INFO] http_client: 代理协议已标准化: socks5:// -> socks5h://
19:48:49 [INFO] proxy_health: 健康检查完成: 8 正常 / 0 异常 / 0 移除（耗时 0.9s）
19:53:49 [INFO] http_client: 代理协议已标准化: socks5:// -> socks5h://
19:53:49 [INFO] http_client: 代理协议已标准化: socks5:// -> socks5h://
19:53:49 [INFO] http_client: 代理协议已标准化: socks5:// -> socks5h://
19:53:49 [INFO] http_client: 代理协议已标准化: socks5:// -> socks5h://
19:53:49 [INFO] http_client: 代理协议已标准化: socks5:// -> socks5h://
19:53:49 [INFO] http_client: 代理协议已标准化: socks5:// -> socks5h://
19:53:49 [INFO] http_client: 代理协议已标准化: socks5:// -> socks5h://
19:53:49 [INFO] http_client: 代理协议已标准化: socks5:// -> socks5h://
19:53:50 [INFO] proxy_health: 健康检查完成: 8 正常 / 0 异常 / 0 移除（耗时 0.9s）
19:58:50 [INFO] http_client: 代理协议已标准化: socks5:// -> socks5h://
19:58:50 [INFO] http_client: 代理协议已标准化: socks5:// -> socks5h://
19:58:50 [INFO] http_client: 代理协议已标准化: socks5:// -> socks5h://
19:58:50 [INFO] http_client: 代理协议已标准化: socks5:// -> socks5h://
19:58:50 [INFO] http_client: 代理协议已标准化: socks5:// -> socks5h://
19:58:50 [INFO] http_client: 代理协议已标准化: socks5:// -> socks5h://
19:58:50 [INFO] http_client: 代理协议已标准化: socks5:// -> socks5h://
19:58:50 [INFO] http_client: 代理协议已标准化: socks5:// -> socks5h://
19:58:51 [INFO] proxy_health: 健康检查完成: 8 正常 / 0 异常 / 0 移除（耗时 0.9s）
20:03:51 [INFO] http_client: 代理协议已标准化: socks5:// -> socks5h://
20:03:51 [INFO] http_client: 代理协议已标准化: socks5:// -> socks5h://
20:03:51 [INFO] http_client: 代理协议已标准化: socks5:// -> socks5h://
20:03:51 [INFO] http_client: 代理协议已标准化: socks5:// -> socks5h://
20:03:51 [INFO] http_client: 代理协议已标准化: socks5:// -> socks5h://
20:03:51 [INFO] http_client: 代理协议已标准化: socks5:// -> socks5h://
20:03:51 [INFO] http_client: 代理协议已标准化: socks5:// -> socks5h://
20:03:51 [INFO] http_client: 代理协议已标准化: socks5:// -> socks5h://
20:03:53 [INFO] proxy_health: 健康检查完成: 8 正常 / 0 异常 / 0 移除（耗时 1.7s）
20:08:53 [INFO] http_client: 代理协议已标准化: socks5:// -> socks5h://
20:08:53 [INFO] http_client: 代理协议已标准化: socks5:// -> socks5h://
20:08:53 [INFO] http_client: 代理协议已标准化: socks5:// -> socks5h://
20:08:53 [INFO] http_client: 代理协议已标准化: socks5:// -> socks5h://
20:08:53 [INFO] http_client: 代理协议已标准化: socks5:// -> socks5h://
20:08:53 [INFO] http_client: 代理协议已标准化: socks5:// -> socks5h://
20:08:53 [INFO] http_client: 代理协议已标准化: socks5:// -> socks5h://
20:08:53 [INFO] http_client: 代理协议已标准化: socks5:// -> socks5h://
20:08:54 [INFO] proxy_health: 健康检查完成: 8 正常 / 0 异常 / 0 移除（耗时 1.1s）
20:13:54 [INFO] http_client: 代理协议已标准化: socks5:// -> socks5h://
20:13:54 [INFO] http_client: 代理协议已标准化: socks5:// -> socks5h://
20:13:54 [INFO] http_client: 代理协议已标准化: socks5:// -> socks5h://
20:13:54 [INFO] http_client: 代理协议已标准化: socks5:// -> socks5h://
20:13:54 [INFO] http_client: 代理协议已标准化: socks5:// -> socks5h://
20:13:54 [INFO] http_client: 代理协议已标准化: socks5:// -> socks5h://
20:13:54 [INFO] http_client: 代理协议已标准化: socks5:// -> socks5h://
20:13:54 [INFO] http_client: 代理协议已标准化: socks5:// -> socks5h://
20:13:57 [INFO] proxy_health: 健康检查完成: 8 正常 / 0 异常 / 0 移除（耗时 2.9s）
20:18:57 [INFO] http_client: 代理协议已标准化: socks5:// -> socks5h://
20:18:57 [INFO] http_client: 代理协议已标准化: socks5:// -> socks5h://
20:18:57 [INFO] http_client: 代理协议已标准化: socks5:// -> socks5h://
20:18:57 [INFO] http_client: 代理协议已标准化: socks5:// -> socks5h://
20:18:57 [INFO] http_client: 代理协议已标准化: socks5:// -> socks5h://
20:18:57 [INFO] http_client: 代理协议已标准化: socks5:// -> socks5h://
20:18:57 [INFO] http_client: 代理协议已标准化: socks5:// -> socks5h://
20:18:57 [INFO] http_client: 代理协议已标准化: socks5:// -> socks5h://
20:18:58 [INFO] proxy_health: 健康检查完成: 8 正常 / 0 异常 / 0 移除（耗时 1.0s）
20:23:58 [INFO] http_client: 代理协议已标准化: socks5:// -> socks5h://
20:23:58 [INFO] http_client: 代理协议已标准化: socks5:// -> socks5h://
20:23:58 [INFO] http_client: 代理协议已标准化: socks5:// -> socks5h://
20:23:58 [INFO] http_client: 代理协议已标准化: socks5:// -> socks5h://
20:23:58 [INFO] http_client: 代理协议已标准化: socks5:// -> socks5h://
20:23:58 [INFO] http_client: 代理协议已标准化: socks5:// -> socks5h://
20:23:58 [INFO] http_client: 代理协议已标准化: socks5:// -> socks5h://
20:23:58 [INFO] http_client: 代理协议已标准化: socks5:// -> socks5h://
20:23:59 [INFO] proxy_health: 健康检查完成: 8 正常 / 0 异常 / 0 移除（耗时 0.9s）
20:28:59 [INFO] http_client: 代理协议已标准化: socks5:// -> socks5h://
20:28:59 [INFO] http_client: 代理协议已标准化: socks5:// -> socks5h://
20:28:59 [INFO] http_client: 代理协议已标准化: socks5:// -> socks5h://
20:28:59 [INFO] http_client: 代理协议已标准化: socks5:// -> socks5h://
20:28:59 [INFO] http_client: 代理协议已标准化: socks5:// -> socks5h://
20:28:59 [INFO] http_client: 代理协议已标准化: socks5:// -> socks5h://
20:28:59 [INFO] http_client: 代理协议已标准化: socks5:// -> socks5h://
20:28:59 [INFO] http_client: 代理协议已标准化: socks5:// -> socks5h://
20:29:00 [INFO] proxy_health: 健康检查完成: 8 正常 / 0 异常 / 0 移除（耗时 1.3s）
20:34:00 [INFO] http_client: 代理协议已标准化: socks5:// -> socks5h://
20:34:00 [INFO] http_client: 代理协议已标准化: socks5:// -> socks5h://
20:34:00 [INFO] http_client: 代理协议已标准化: socks5:// -> socks5h://
20:34:00 [INFO] http_client: 代理协议已标准化: socks5:// -> socks5h://
20:34:00 [INFO] http_client: 代理协议已标准化: socks5:// -> socks5h://
20:34:00 [INFO] http_client: 代理协议已标准化: socks5:// -> socks5h://
20:34:00 [INFO] http_client: 代理协议已标准化: socks5:// -> socks5h://
20:34:00 [INFO] http_client: 代理协议已标准化: socks5:// -> socks5h://
20:34:01 [INFO] proxy_health: 健康检查完成: 8 正常 / 0 异常 / 0 移除（耗时 1.0s）
20:39:01 [INFO] http_client: 代理协议已标准化: socks5:// -> socks5h://
20:39:01 [INFO] http_client: 代理协议已标准化: socks5:// -> socks5h://
20:39:01 [INFO] http_client: 代理协议已标准化: socks5:// -> socks5h://
20:39:01 [INFO] http_client: 代理协议已标准化: socks5:// -> socks5h://
20:39:01 [INFO] http_client: 代理协议已标准化: socks5:// -> socks5h://
20:39:01 [INFO] http_client: 代理协议已标准化: socks5:// -> socks5h://
20:39:01 [INFO] http_client: 代理协议已标准化: socks5:// -> socks5h://
20:39:01 [INFO] http_client: 代理协议已标准化: socks5:// -> socks5h://
20:39:03 [INFO] proxy_health: 健康检查完成: 8 正常 / 0 异常 / 0 移除（耗时 1.4s）
20:44:03 [INFO] http_client: 代理协议已标准化: socks5:// -> socks5h://
20:44:03 [INFO] http_client: 代理协议已标准化: socks5:// -> socks5h://
20:44:03 [INFO] http_client: 代理协议已标准化: socks5:// -> socks5h://
20:44:03 [INFO] http_client: 代理协议已标准化: socks5:// -> socks5h://
20:44:03 [INFO] http_client: 代理协议已标准化: socks5:// -> socks5h://
20:44:03 [INFO] http_client: 代理协议已标准化: socks5:// -> socks5h://
20:44:03 [INFO] http_client: 代理协议已标准化: socks5:// -> socks5h://
20:44:03 [INFO] http_client: 代理协议已标准化: socks5:// -> socks5h://
20:44:09 [INFO] proxy_health: 健康检查完成: 8 正常 / 0 异常 / 0 移除（耗时 6.4s）
20:49:09 [INFO] http_client: 代理协议已标准化: socks5:// -> socks5h://
20:49:09 [INFO] http_client: 代理协议已标准化: socks5:// -> socks5h://
20:49:09 [INFO] http_client: 代理协议已标准化: socks5:// -> socks5h://
20:49:09 [INFO] http_client: 代理协议已标准化: socks5:// -> socks5h://
20:49:09 [INFO] http_client: 代理协议已标准化: socks5:// -> socks5h://
20:49:09 [INFO] http_client: 代理协议已标准化: socks5:// -> socks5h://
20:49:09 [INFO] http_client: 代理协议已标准化: socks5:// -> socks5h://
20:49:09 [INFO] http_client: 代理协议已标准化: socks5:// -> socks5h://
20:49:10 [INFO] proxy_health: 健康检查完成: 8 正常 / 0 异常 / 0 移除（耗时 1.2s）
20:54:10 [INFO] http_client: 代理协议已标准化: socks5:// -> socks5h://
20:54:10 [INFO] http_client: 代理协议已标准化: socks5:// -> socks5h://
20:54:10 [INFO] http_client: 代理协议已标准化: socks5:// -> socks5h://
20:54:10 [INFO] http_client: 代理协议已标准化: socks5:// -> socks5h://
20:54:10 [INFO] http_client: 代理协议已标准化: socks5:// -> socks5h://
20:54:10 [INFO] http_client: 代理协议已标准化: socks5:// -> socks5h://
20:54:10 [INFO] http_client: 代理协议已标准化: socks5:// -> socks5h://
20:54:10 [INFO] http_client: 代理协议已标准化: socks5:// -> socks5h://
20:54:11 [INFO] proxy_health: 健康检查完成: 8 正常 / 0 异常 / 0 移除（耗时 0.9s）
20:59:11 [INFO] http_client: 代理协议已标准化: socks5:// -> socks5h://
20:59:11 [INFO] http_client: 代理协议已标准化: socks5:// -> socks5h://
20:59:11 [INFO] http_client: 代理协议已标准化: socks5:// -> socks5h://
20:59:11 [INFO] http_client: 代理协议已标准化: socks5:// -> socks5h://
20:59:11 [INFO] http_client: 代理协议已标准化: socks5:// -> socks5h://
20:59:11 [INFO] http_client: 代理协议已标准化: socks5:// -> socks5h://
20:59:11 [INFO] http_client: 代理协议已标准化: socks5:// -> socks5h://
20:59:11 [INFO] http_client: 代理协议已标准化: socks5:// -> socks5h://
20:59:12 [INFO] proxy_health: 健康检查完成: 8 正常 / 0 异常 / 0 移除（耗时 0.9s）
21:04:12 [INFO] http_client: 代理协议已标准化: socks5:// -> socks5h://
21:04:12 [INFO] http_client: 代理协议已标准化: socks5:// -> socks5h://
21:04:12 [INFO] http_client: 代理协议已标准化: socks5:// -> socks5h://
21:04:12 [INFO] http_client: 代理协议已标准化: socks5:// -> socks5h://
21:04:12 [INFO] http_client: 代理协议已标准化: socks5:// -> socks5h://
21:04:12 [INFO] http_client: 代理协议已标准化: socks5:// -> socks5h://
21:04:12 [INFO] http_client: 代理协议已标准化: socks5:// -> socks5h://
21:04:12 [INFO] http_client: 代理协议已标准化: socks5:// -> socks5h://
21:04:18 [INFO] proxy_health: 健康检查完成: 6 正常 / 2 异常 / 0 移除（耗时 6.2s）
21:09:18 [INFO] http_client: 代理协议已标准化: socks5:// -> socks5h://
21:09:18 [INFO] http_client: 代理协议已标准化: socks5:// -> socks5h://
21:09:18 [INFO] http_client: 代理协议已标准化: socks5:// -> socks5h://
21:09:18 [INFO] http_client: 代理协议已标准化: socks5:// -> socks5h://
21:09:18 [INFO] http_client: 代理协议已标准化: socks5:// -> socks5h://
21:09:18 [INFO] http_client: 代理协议已标准化: socks5:// -> socks5h://
21:09:18 [INFO] http_client: 代理协议已标准化: socks5:// -> socks5h://
21:09:18 [INFO] http_client: 代理协议已标准化: socks5:// -> socks5h://
21:09:20 [INFO] proxy_health: 健康检查完成: 8 正常 / 0 异常 / 0 移除（耗时 2.3s）
21:14:20 [INFO] http_client: 代理协议已标准化: socks5:// -> socks5h://
21:14:20 [INFO] http_client: 代理协议已标准化: socks5:// -> socks5h://
21:14:20 [INFO] http_client: 代理协议已标准化: socks5:// -> socks5h://
21:14:20 [INFO] http_client: 代理协议已标准化: socks5:// -> socks5h://
21:14:20 [INFO] http_client: 代理协议已标准化: socks5:// -> socks5h://
21:14:20 [INFO] http_client: 代理协议已标准化: socks5:// -> socks5h://
21:14:20 [INFO] http_client: 代理协议已标准化: socks5:// -> socks5h://
21:14:20 [INFO] http_client: 代理协议已标准化: socks5:// -> socks5h://
21:14:21 [INFO] proxy_health: 健康检查完成: 8 正常 / 0 异常 / 0 移除（耗时 1.2s）
21:19:21 [INFO] http_client: 代理协议已标准化: socks5:// -> socks5h://
21:19:21 [INFO] http_client: 代理协议已标准化: socks5:// -> socks5h://
21:19:21 [INFO] http_client: 代理协议已标准化: socks5:// -> socks5h://
21:19:22 [INFO] http_client: 代理协议已标准化: socks5:// -> socks5h://
21:19:22 [INFO] http_client: 代理协议已标准化: socks5:// -> socks5h://
21:19:22 [INFO] http_client: 代理协议已标准化: socks5:// -> socks5h://
21:19:22 [INFO] http_client: 代理协议已标准化: socks5:// -> socks5h://
21:19:22 [INFO] http_client: 代理协议已标准化: socks5:// -> socks5h://
21:19:22 [INFO] proxy_health: 健康检查完成: 8 正常 / 0 异常 / 0 移除（耗时 0.9s）
21:24:22 [INFO] http_client: 代理协议已标准化: socks5:// -> socks5h://
21:24:22 [INFO] http_client: 代理协议已标准化: socks5:// -> socks5h://
21:24:22 [INFO] http_client: 代理协议已标准化: socks5:// -> socks5h://
21:24:22 [INFO] http_client: 代理协议已标准化: socks5:// -> socks5h://
21:24:22 [INFO] http_client: 代理协议已标准化: socks5:// -> socks5h://
21:24:22 [INFO] http_client: 代理协议已标准化: socks5:// -> socks5h://
21:24:22 [INFO] http_client: 代理协议已标准化: socks5:// -> socks5h://
21:24:22 [INFO] http_client: 代理协议已标准化: socks5:// -> socks5h://
21:24:24 [INFO] proxy_health: 健康检查完成: 8 正常 / 0 异常 / 0 移除（耗时 1.2s）
21:29:24 [INFO] http_client: 代理协议已标准化: socks5:// -> socks5h://
21:29:24 [INFO] http_client: 代理协议已标准化: socks5:// -> socks5h://
21:29:24 [INFO] http_client: 代理协议已标准化: socks5:// -> socks5h://
21:29:24 [INFO] http_client: 代理协议已标准化: socks5:// -> socks5h://
21:29:24 [INFO] http_client: 代理协议已标准化: socks5:// -> socks5h://
21:29:24 [INFO] http_client: 代理协议已标准化: socks5:// -> socks5h://
21:29:24 [INFO] http_client: 代理协议已标准化: socks5:// -> socks5h://
21:29:24 [INFO] http_client: 代理协议已标准化: socks5:// -> socks5h://
21:29:24 [INFO] proxy_health: 健康检查完成: 8 正常 / 0 异常 / 0 移除（耗时 0.9s）
21:34:24 [INFO] http_client: 代理协议已标准化: socks5:// -> socks5h://
21:34:24 [INFO] http_client: 代理协议已标准化: socks5:// -> socks5h://
21:34:24 [INFO] http_client: 代理协议已标准化: socks5:// -> socks5h://
21:34:24 [INFO] http_client: 代理协议已标准化: socks5:// -> socks5h://
21:34:24 [INFO] http_client: 代理协议已标准化: socks5:// -> socks5h://
21:34:24 [INFO] http_client: 代理协议已标准化: socks5:// -> socks5h://
21:34:24 [INFO] http_client: 代理协议已标准化: socks5:// -> socks5h://
21:34:24 [INFO] http_client: 代理协议已标准化: socks5:// -> socks5h://
21:34:25 [INFO] proxy_health: 健康检查完成: 8 正常 / 0 异常 / 0 移除（耗时 1.0s）
21:39:25 [INFO] http_client: 代理协议已标准化: socks5:// -> socks5h://
21:39:25 [INFO] http_client: 代理协议已标准化: socks5:// -> socks5h://
21:39:25 [INFO] http_client: 代理协议已标准化: socks5:// -> socks5h://
21:39:25 [INFO] http_client: 代理协议已标准化: socks5:// -> socks5h://
21:39:25 [INFO] http_client: 代理协议已标准化: socks5:// -> socks5h://
21:39:25 [INFO] http_client: 代理协议已标准化: socks5:// -> socks5h://
21:39:25 [INFO] http_client: 代理协议已标准化: socks5:// -> socks5h://
21:39:25 [INFO] http_client: 代理协议已标准化: socks5:// -> socks5h://
21:39:27 [INFO] proxy_health: 健康检查完成: 8 正常 / 0 异常 / 0 移除（耗时 1.2s）
21:44:27 [INFO] http_client: 代理协议已标准化: socks5:// -> socks5h://
21:44:27 [INFO] http_client: 代理协议已标准化: socks5:// -> socks5h://
21:44:27 [INFO] http_client: 代理协议已标准化: socks5:// -> socks5h://
21:44:27 [INFO] http_client: 代理协议已标准化: socks5:// -> socks5h://
21:44:27 [INFO] http_client: 代理协议已标准化: socks5:// -> socks5h://
21:44:27 [INFO] http_client: 代理协议已标准化: socks5:// -> socks5h://
21:44:27 [INFO] http_client: 代理协议已标准化: socks5:// -> socks5h://
21:44:27 [INFO] http_client: 代理协议已标准化: socks5:// -> socks5h://
21:44:28 [INFO] proxy_health: 健康检查完成: 8 正常 / 0 异常 / 0 移除（耗时 1.1s）
21:49:28 [INFO] http_client: 代理协议已标准化: socks5:// -> socks5h://
21:49:28 [INFO] http_client: 代理协议已标准化: socks5:// -> socks5h://
21:49:28 [INFO] http_client: 代理协议已标准化: socks5:// -> socks5h://
21:49:28 [INFO] http_client: 代理协议已标准化: socks5:// -> socks5h://
21:49:28 [INFO] http_client: 代理协议已标准化: socks5:// -> socks5h://
21:49:28 [INFO] http_client: 代理协议已标准化: socks5:// -> socks5h://
21:49:28 [INFO] http_client: 代理协议已标准化: socks5:// -> socks5h://
21:49:28 [INFO] http_client: 代理协议已标准化: socks5:// -> socks5h://
21:49:29 [INFO] proxy_health: 健康检查完成: 8 正常 / 0 异常 / 0 移除（耗时 1.0s）
21:54:29 [INFO] http_client: 代理协议已标准化: socks5:// -> socks5h://
21:54:29 [INFO] http_client: 代理协议已标准化: socks5:// -> socks5h://
21:54:29 [INFO] http_client: 代理协议已标准化: socks5:// -> socks5h://
21:54:29 [INFO] http_client: 代理协议已标准化: socks5:// -> socks5h://
21:54:29 [INFO] http_client: 代理协议已标准化: socks5:// -> socks5h://
21:54:29 [INFO] http_client: 代理协议已标准化: socks5:// -> socks5h://
21:54:29 [INFO] http_client: 代理协议已标准化: socks5:// -> socks5h://
21:54:29 [INFO] http_client: 代理协议已标准化: socks5:// -> socks5h://
21:54:30 [INFO] proxy_health: 健康检查完成: 8 正常 / 0 异常 / 0 移除（耗时 1.1s）
21:59:30 [INFO] http_client: 代理协议已标准化: socks5:// -> socks5h://
21:59:30 [INFO] http_client: 代理协议已标准化: socks5:// -> socks5h://
21:59:30 [INFO] http_client: 代理协议已标准化: socks5:// -> socks5h://
21:59:30 [INFO] http_client: 代理协议已标准化: socks5:// -> socks5h://
21:59:30 [INFO] http_client: 代理协议已标准化: socks5:// -> socks5h://
21:59:30 [INFO] http_client: 代理协议已标准化: socks5:// -> socks5h://
21:59:30 [INFO] http_client: 代理协议已标准化: socks5:// -> socks5h://
21:59:30 [INFO] http_client: 代理协议已标准化: socks5:// -> socks5h://
21:59:31 [INFO] proxy_health: 健康检查完成: 8 正常 / 0 异常 / 0 移除（耗时 1.0s）
22:04:31 [INFO] http_client: 代理协议已标准化: socks5:// -> socks5h://
22:04:31 [INFO] http_client: 代理协议已标准化: socks5:// -> socks5h://
22:04:31 [INFO] http_client: 代理协议已标准化: socks5:// -> socks5h://
22:04:31 [INFO] http_client: 代理协议已标准化: socks5:// -> socks5h://
22:04:31 [INFO] http_client: 代理协议已标准化: socks5:// -> socks5h://
22:04:31 [INFO] http_client: 代理协议已标准化: socks5:// -> socks5h://
22:04:31 [INFO] http_client: 代理协议已标准化: socks5:// -> socks5h://
22:04:31 [INFO] http_client: 代理协议已标准化: socks5:// -> socks5h://
22:04:32 [INFO] proxy_health: 健康检查完成: 8 正常 / 0 异常 / 0 移除（耗时 1.0s）
22:09:32 [INFO] http_client: 代理协议已标准化: socks5:// -> socks5h://
22:09:32 [INFO] http_client: 代理协议已标准化: socks5:// -> socks5h://
22:09:32 [INFO] http_client: 代理协议已标准化: socks5:// -> socks5h://
22:09:32 [INFO] http_client: 代理协议已标准化: socks5:// -> socks5h://
22:09:32 [INFO] http_client: 代理协议已标准化: socks5:// -> socks5h://
22:09:32 [INFO] http_client: 代理协议已标准化: socks5:// -> socks5h://
22:09:32 [INFO] http_client: 代理协议已标准化: socks5:// -> socks5h://
22:09:32 [INFO] http_client: 代理协议已标准化: socks5:// -> socks5h://
22:09:33 [INFO] proxy_health: 健康检查完成: 8 正常 / 0 异常 / 0 移除（耗时 1.0s）
22:14:33 [INFO] http_client: 代理协议已标准化: socks5:// -> socks5h://
22:14:33 [INFO] http_client: 代理协议已标准化: socks5:// -> socks5h://
22:14:33 [INFO] http_client: 代理协议已标准化: socks5:// -> socks5h://
22:14:33 [INFO] http_client: 代理协议已标准化: socks5:// -> socks5h://
22:14:33 [INFO] http_client: 代理协议已标准化: socks5:// -> socks5h://
22:14:33 [INFO] http_client: 代理协议已标准化: socks5:// -> socks5h://
22:14:33 [INFO] http_client: 代理协议已标准化: socks5:// -> socks5h://
22:14:33 [INFO] http_client: 代理协议已标准化: socks5:// -> socks5h://
22:14:34 [INFO] proxy_health: 健康检查完成: 8 正常 / 0 异常 / 0 移除（耗时 1.2s）
22:19:34 [INFO] http_client: 代理协议已标准化: socks5:// -> socks5h://
22:19:34 [INFO] http_client: 代理协议已标准化: socks5:// -> socks5h://
22:19:34 [INFO] http_client: 代理协议已标准化: socks5:// -> socks5h://
22:19:34 [INFO] http_client: 代理协议已标准化: socks5:// -> socks5h://
22:19:34 [INFO] http_client: 代理协议已标准化: socks5:// -> socks5h://
22:19:34 [INFO] http_client: 代理协议已标准化: socks5:// -> socks5h://
22:19:34 [INFO] http_client: 代理协议已标准化: socks5:// -> socks5h://
22:19:34 [INFO] http_client: 代理协议已标准化: socks5:// -> socks5h://
22:19:35 [INFO] proxy_health: 健康检查完成: 8 正常 / 0 异常 / 0 移除（耗时 0.9s）
22:24:35 [INFO] http_client: 代理协议已标准化: socks5:// -> socks5h://
22:24:35 [INFO] http_client: 代理协议已标准化: socks5:// -> socks5h://
22:24:35 [INFO] http_client: 代理协议已标准化: socks5:// -> socks5h://
22:24:35 [INFO] http_client: 代理协议已标准化: socks5:// -> socks5h://
22:24:35 [INFO] http_client: 代理协议已标准化: socks5:// -> socks5h://
22:24:35 [INFO] http_client: 代理协议已标准化: socks5:// -> socks5h://
22:24:35 [INFO] http_client: 代理协议已标准化: socks5:// -> socks5h://
22:24:35 [INFO] http_client: 代理协议已标准化: socks5:// -> socks5h://
22:24:35 [INFO] http_client: 代理协议已标准化: socks5:// -> socks5h://
22:24:35 [INFO] http_client: 代理协议已标准化: socks5:// -> socks5h://
22:24:40 [INFO] proxy_health: 健康检查完成: 9 正常 / 1 异常 / 0 移除（耗时 5.1s）
22:29:40 [INFO] http_client: 代理协议已标准化: socks5:// -> socks5h://
22:29:40 [INFO] http_client: 代理协议已标准化: socks5:// -> socks5h://
22:29:40 [INFO] http_client: 代理协议已标准化: socks5:// -> socks5h://
22:29:40 [INFO] http_client: 代理协议已标准化: socks5:// -> socks5h://
22:29:40 [INFO] http_client: 代理协议已标准化: socks5:// -> socks5h://
22:29:40 [INFO] http_client: 代理协议已标准化: socks5:// -> socks5h://
22:29:40 [INFO] http_client: 代理协议已标准化: socks5:// -> socks5h://
22:29:40 [INFO] http_client: 代理协议已标准化: socks5:// -> socks5h://
22:29:40 [INFO] http_client: 代理协议已标准化: socks5:// -> socks5h://
22:29:40 [INFO] http_client: 代理协议已标准化: socks5:// -> socks5h://
22:29:41 [INFO] proxy_health: 健康检查完成: 9 正常 / 1 异常 / 0 移除（耗时 1.1s）
22:34:41 [INFO] http_client: 代理协议已标准化: socks5:// -> socks5h://
22:34:41 [INFO] http_client: 代理协议已标准化: socks5:// -> socks5h://
22:34:41 [INFO] http_client: 代理协议已标准化: socks5:// -> socks5h://
22:34:41 [INFO] http_client: 代理协议已标准化: socks5:// -> socks5h://
22:34:41 [INFO] http_client: 代理协议已标准化: socks5:// -> socks5h://
22:34:41 [INFO] http_client: 代理协议已标准化: socks5:// -> socks5h://
22:34:41 [INFO] http_client: 代理协议已标准化: socks5:// -> socks5h://
22:34:41 [INFO] http_client: 代理协议已标准化: socks5:// -> socks5h://
22:34:41 [INFO] http_client: 代理协议已标准化: socks5:// -> socks5h://
22:34:42 [INFO] proxy_health: 健康检查完成: 9 正常 / 0 异常 / 0 移除（耗时 1.1s）
22:39:42 [INFO] http_client: 代理协议已标准化: socks5:// -> socks5h://
22:39:42 [INFO] http_client: 代理协议已标准化: socks5:// -> socks5h://
22:39:42 [INFO] http_client: 代理协议已标准化: socks5:// -> socks5h://
22:39:42 [INFO] http_client: 代理协议已标准化: socks5:// -> socks5h://
22:39:42 [INFO] http_client: 代理协议已标准化: socks5:// -> socks5h://
22:39:42 [INFO] http_client: 代理协议已标准化: socks5:// -> socks5h://
22:39:42 [INFO] http_client: 代理协议已标准化: socks5:// -> socks5h://
22:39:42 [INFO] http_client: 代理协议已标准化: socks5:// -> socks5h://
22:39:42 [INFO] http_client: 代理协议已标准化: socks5:// -> socks5h://
22:39:43 [INFO] proxy_health: 健康检查完成: 9 正常 / 0 异常 / 0 移除（耗时 1.0s）
22:44:43 [INFO] http_client: 代理协议已标准化: socks5:// -> socks5h://
22:44:43 [INFO] http_client: 代理协议已标准化: socks5:// -> socks5h://
22:44:43 [INFO] http_client: 代理协议已标准化: socks5:// -> socks5h://
22:44:43 [INFO] http_client: 代理协议已标准化: socks5:// -> socks5h://
22:44:43 [INFO] http_client: 代理协议已标准化: socks5:// -> socks5h://
22:44:43 [INFO] http_client: 代理协议已标准化: socks5:// -> socks5h://
22:44:43 [INFO] http_client: 代理协议已标准化: socks5:// -> socks5h://
22:44:43 [INFO] http_client: 代理协议已标准化: socks5:// -> socks5h://
22:44:43 [INFO] http_client: 代理协议已标准化: socks5:// -> socks5h://
22:44:44 [INFO] proxy_health: 健康检查完成: 9 正常 / 0 异常 / 0 移除（耗时 1.1s）
22:49:44 [INFO] http_client: 代理协议已标准化: socks5:// -> socks5h://
22:49:44 [INFO] http_client: 代理协议已标准化: socks5:// -> socks5h://
22:49:44 [INFO] http_client: 代理协议已标准化: socks5:// -> socks5h://
22:49:44 [INFO] http_client: 代理协议已标准化: socks5:// -> socks5h://
22:49:44 [INFO] http_client: 代理协议已标准化: socks5:// -> socks5h://
22:49:44 [INFO] http_client: 代理协议已标准化: socks5:// -> socks5h://
22:49:44 [INFO] http_client: 代理协议已标准化: socks5:// -> socks5h://
22:49:44 [INFO] http_client: 代理协议已标准化: socks5:// -> socks5h://
22:49:44 [INFO] http_client: 代理协议已标准化: socks5:// -> socks5h://
22:49:46 [INFO] proxy_health: 健康检查完成: 9 正常 / 0 异常 / 0 移除（耗时 1.7s）
22:54:46 [INFO] http_client: 代理协议已标准化: socks5:// -> socks5h://
22:54:46 [INFO] http_client: 代理协议已标准化: socks5:// -> socks5h://
22:54:46 [INFO] http_client: 代理协议已标准化: socks5:// -> socks5h://
22:54:46 [INFO] http_client: 代理协议已标准化: socks5:// -> socks5h://
22:54:46 [INFO] http_client: 代理协议已标准化: socks5:// -> socks5h://
22:54:46 [INFO] http_client: 代理协议已标准化: socks5:// -> socks5h://
22:54:46 [INFO] http_client: 代理协议已标准化: socks5:// -> socks5h://
22:54:46 [INFO] http_client: 代理协议已标准化: socks5:// -> socks5h://
22:54:46 [INFO] http_client: 代理协议已标准化: socks5:// -> socks5h://
22:54:47 [INFO] proxy_health: 健康检查完成: 9 正常 / 0 异常 / 0 移除（耗时 1.2s）
22:59:47 [INFO] http_client: 代理协议已标准化: socks5:// -> socks5h://
22:59:47 [INFO] http_client: 代理协议已标准化: socks5:// -> socks5h://
22:59:47 [INFO] http_client: 代理协议已标准化: socks5:// -> socks5h://
22:59:47 [INFO] http_client: 代理协议已标准化: socks5:// -> socks5h://
22:59:47 [INFO] http_client: 代理协议已标准化: socks5:// -> socks5h://
22:59:47 [INFO] http_client: 代理协议已标准化: socks5:// -> socks5h://
22:59:47 [INFO] http_client: 代理协议已标准化: socks5:// -> socks5h://
22:59:47 [INFO] http_client: 代理协议已标准化: socks5:// -> socks5h://
22:59:47 [INFO] http_client: 代理协议已标准化: socks5:// -> socks5h://
22:59:48 [INFO] proxy_health: 健康检查完成: 9 正常 / 0 异常 / 0 移除（耗时 0.9s）
23:04:48 [INFO] http_client: 代理协议已标准化: socks5:// -> socks5h://
23:04:48 [INFO] http_client: 代理协议已标准化: socks5:// -> socks5h://
23:04:48 [INFO] http_client: 代理协议已标准化: socks5:// -> socks5h://
23:04:48 [INFO] http_client: 代理协议已标准化: socks5:// -> socks5h://
23:04:48 [INFO] http_client: 代理协议已标准化: socks5:// -> socks5h://
23:04:48 [INFO] http_client: 代理协议已标准化: socks5:// -> socks5h://
23:04:48 [INFO] http_client: 代理协议已标准化: socks5:// -> socks5h://
23:04:48 [INFO] http_client: 代理协议已标准化: socks5:// -> socks5h://
23:04:48 [INFO] http_client: 代理协议已标准化: socks5:// -> socks5h://
23:04:49 [INFO] proxy_health: 健康检查完成: 9 正常 / 0 异常 / 0 移除（耗时 1.3s）
23:09:49 [INFO] http_client: 代理协议已标准化: socks5:// -> socks5h://
23:09:49 [INFO] http_client: 代理协议已标准化: socks5:// -> socks5h://
23:09:49 [INFO] http_client: 代理协议已标准化: socks5:// -> socks5h://
23:09:49 [INFO] http_client: 代理协议已标准化: socks5:// -> socks5h://
23:09:49 [INFO] http_client: 代理协议已标准化: socks5:// -> socks5h://
23:09:49 [INFO] http_client: 代理协议已标准化: socks5:// -> socks5h://
23:09:49 [INFO] http_client: 代理协议已标准化: socks5:// -> socks5h://
23:09:49 [INFO] http_client: 代理协议已标准化: socks5:// -> socks5h://
23:09:49 [INFO] http_client: 代理协议已标准化: socks5:// -> socks5h://
23:09:50 [INFO] proxy_health: 健康检查完成: 9 正常 / 0 异常 / 0 移除（耗时 0.9s）
23:14:50 [INFO] http_client: 代理协议已标准化: socks5:// -> socks5h://
23:14:50 [INFO] http_client: 代理协议已标准化: socks5:// -> socks5h://
23:14:50 [INFO] http_client: 代理协议已标准化: socks5:// -> socks5h://
23:14:50 [INFO] http_client: 代理协议已标准化: socks5:// -> socks5h://
23:14:50 [INFO] http_client: 代理协议已标准化: socks5:// -> socks5h://
23:14:50 [INFO] http_client: 代理协议已标准化: socks5:// -> socks5h://
23:14:50 [INFO] http_client: 代理协议已标准化: socks5:// -> socks5h://
23:14:50 [INFO] http_client: 代理协议已标准化: socks5:// -> socks5h://
23:14:50 [INFO] http_client: 代理协议已标准化: socks5:// -> socks5h://
23:14:51 [INFO] proxy_health: 健康检查完成: 9 正常 / 0 异常 / 0 移除（耗时 1.0s）
23:19:51 [INFO] http_client: 代理协议已标准化: socks5:// -> socks5h://
23:19:51 [INFO] http_client: 代理协议已标准化: socks5:// -> socks5h://
23:19:51 [INFO] http_client: 代理协议已标准化: socks5:// -> socks5h://
23:19:51 [INFO] http_client: 代理协议已标准化: socks5:// -> socks5h://
23:19:51 [INFO] http_client: 代理协议已标准化: socks5:// -> socks5h://
23:19:51 [INFO] http_client: 代理协议已标准化: socks5:// -> socks5h://
23:19:51 [INFO] http_client: 代理协议已标准化: socks5:// -> socks5h://
23:19:51 [INFO] http_client: 代理协议已标准化: socks5:// -> socks5h://
23:19:51 [INFO] http_client: 代理协议已标准化: socks5:// -> socks5h://
23:19:53 [INFO] proxy_health: 健康检查完成: 9 正常 / 0 异常 / 0 移除（耗时 1.5s）
23:24:53 [INFO] http_client: 代理协议已标准化: socks5:// -> socks5h://
23:24:53 [INFO] http_client: 代理协议已标准化: socks5:// -> socks5h://
23:24:53 [INFO] http_client: 代理协议已标准化: socks5:// -> socks5h://
23:24:53 [INFO] http_client: 代理协议已标准化: socks5:// -> socks5h://
23:24:53 [INFO] http_client: 代理协议已标准化: socks5:// -> socks5h://
23:24:53 [INFO] http_client: 代理协议已标准化: socks5:// -> socks5h://
23:24:53 [INFO] http_client: 代理协议已标准化: socks5:// -> socks5h://
23:24:53 [INFO] http_client: 代理协议已标准化: socks5:// -> socks5h://
23:24:53 [INFO] http_client: 代理协议已标准化: socks5:// -> socks5h://
23:24:54 [INFO] proxy_health: 健康检查完成: 9 正常 / 0 异常 / 0 移除（耗时 1.1s）
23:29:54 [INFO] http_client: 代理协议已标准化: socks5:// -> socks5h://
23:29:54 [INFO] http_client: 代理协议已标准化: socks5:// -> socks5h://
23:29:54 [INFO] http_client: 代理协议已标准化: socks5:// -> socks5h://
23:29:54 [INFO] http_client: 代理协议已标准化: socks5:// -> socks5h://
23:29:54 [INFO] http_client: 代理协议已标准化: socks5:// -> socks5h://
23:29:54 [INFO] http_client: 代理协议已标准化: socks5:// -> socks5h://
23:29:54 [INFO] http_client: 代理协议已标准化: socks5:// -> socks5h://
23:29:54 [INFO] http_client: 代理协议已标准化: socks5:// -> socks5h://
23:29:54 [INFO] http_client: 代理协议已标准化: socks5:// -> socks5h://
23:29:55 [INFO] proxy_health: 健康检查完成: 9 正常 / 0 异常 / 0 移除（耗时 1.1s）
23:34:55 [INFO] http_client: 代理协议已标准化: socks5:// -> socks5h://
23:34:55 [INFO] http_client: 代理协议已标准化: socks5:// -> socks5h://
23:34:55 [INFO] http_client: 代理协议已标准化: socks5:// -> socks5h://
23:34:55 [INFO] http_client: 代理协议已标准化: socks5:// -> socks5h://
23:34:55 [INFO] http_client: 代理协议已标准化: socks5:// -> socks5h://
23:34:55 [INFO] http_client: 代理协议已标准化: socks5:// -> socks5h://
23:34:55 [INFO] http_client: 代理协议已标准化: socks5:// -> socks5h://
23:34:55 [INFO] http_client: 代理协议已标准化: socks5:// -> socks5h://
23:34:55 [INFO] http_client: 代理协议已标准化: socks5:// -> socks5h://
23:34:56 [INFO] proxy_health: 健康检查完成: 9 正常 / 0 异常 / 0 移除（耗时 0.9s）
23:39:56 [INFO] http_client: 代理协议已标准化: socks5:// -> socks5h://
23:39:56 [INFO] http_client: 代理协议已标准化: socks5:// -> socks5h://
23:39:56 [INFO] http_client: 代理协议已标准化: socks5:// -> socks5h://
23:39:56 [INFO] http_client: 代理协议已标准化: socks5:// -> socks5h://
23:39:56 [INFO] http_client: 代理协议已标准化: socks5:// -> socks5h://
23:39:56 [INFO] http_client: 代理协议已标准化: socks5:// -> socks5h://
23:39:56 [INFO] http_client: 代理协议已标准化: socks5:// -> socks5h://
23:39:56 [INFO] http_client: 代理协议已标准化: socks5:// -> socks5h://
23:39:56 [INFO] http_client: 代理协议已标准化: socks5:// -> socks5h://
23:39:57 [INFO] proxy_health: 健康检查完成: 9 正常 / 0 异常 / 0 移除（耗时 0.9s）
23:44:57 [INFO] http_client: 代理协议已标准化: socks5:// -> socks5h://
23:44:57 [INFO] http_client: 代理协议已标准化: socks5:// -> socks5h://
23:44:57 [INFO] http_client: 代理协议已标准化: socks5:// -> socks5h://
23:44:57 [INFO] http_client: 代理协议已标准化: socks5:// -> socks5h://
23:44:57 [INFO] http_client: 代理协议已标准化: socks5:// -> socks5h://
23:44:57 [INFO] http_client: 代理协议已标准化: socks5:// -> socks5h://
23:44:57 [INFO] http_client: 代理协议已标准化: socks5:// -> socks5h://
23:44:57 [INFO] http_client: 代理协议已标准化: socks5:// -> socks5h://
23:44:57 [INFO] http_client: 代理协议已标准化: socks5:// -> socks5h://
23:44:58 [INFO] proxy_health: 健康检查完成: 9 正常 / 0 异常 / 0 移除（耗时 1.1s）
23:49:58 [INFO] http_client: 代理协议已标准化: socks5:// -> socks5h://
23:49:58 [INFO] http_client: 代理协议已标准化: socks5:// -> socks5h://
23:49:58 [INFO] http_client: 代理协议已标准化: socks5:// -> socks5h://
23:49:58 [INFO] http_client: 代理协议已标准化: socks5:// -> socks5h://
23:49:58 [INFO] http_client: 代理协议已标准化: socks5:// -> socks5h://
23:49:58 [INFO] http_client: 代理协议已标准化: socks5:// -> socks5h://
23:49:58 [INFO] http_client: 代理协议已标准化: socks5:// -> socks5h://
23:49:58 [INFO] http_client: 代理协议已标准化: socks5:// -> socks5h://
23:49:58 [INFO] http_client: 代理协议已标准化: socks5:// -> socks5h://
23:49:59 [INFO] proxy_health: 健康检查完成: 9 正常 / 0 异常 / 0 移除（耗时 1.1s）
23:54:59 [INFO] http_client: 代理协议已标准化: socks5:// -> socks5h://
23:54:59 [INFO] http_client: 代理协议已标准化: socks5:// -> socks5h://
23:54:59 [INFO] http_client: 代理协议已标准化: socks5:// -> socks5h://
23:54:59 [INFO] http_client: 代理协议已标准化: socks5:// -> socks5h://
23:54:59 [INFO] http_client: 代理协议已标准化: socks5:// -> socks5h://
23:54:59 [INFO] http_client: 代理协议已标准化: socks5:// -> socks5h://
23:54:59 [INFO] http_client: 代理协议已标准化: socks5:// -> socks5h://
23:54:59 [INFO] http_client: 代理协议已标准化: socks5:// -> socks5h://
23:54:59 [INFO] http_client: 代理协议已标准化: socks5:// -> socks5h://
23:55:00 [INFO] proxy_health: 健康检查完成: 9 正常 / 0 异常 / 0 移除（耗时 0.9s）
00:00:00 [INFO] http_client: 代理协议已标准化: socks5:// -> socks5h://
00:00:00 [INFO] http_client: 代理协议已标准化: socks5:// -> socks5h://
00:00:00 [INFO] http_client: 代理协议已标准化: socks5:// -> socks5h://
00:00:00 [INFO] http_client: 代理协议已标准化: socks5:// -> socks5h://
00:00:00 [INFO] http_client: 代理协议已标准化: socks5:// -> socks5h://
00:00:00 [INFO] http_client: 代理协议已标准化: socks5:// -> socks5h://
00:00:00 [INFO] http_client: 代理协议已标准化: socks5:// -> socks5h://
00:00:00 [INFO] http_client: 代理协议已标准化: socks5:// -> socks5h://
00:00:00 [INFO] http_client: 代理协议已标准化: socks5:// -> socks5h://
00:00:01 [INFO] proxy_health: 健康检查完成: 9 正常 / 0 异常 / 0 移除（耗时 1.2s）
00:05:01 [INFO] http_client: 代理协议已标准化: socks5:// -> socks5h://
00:05:01 [INFO] http_client: 代理协议已标准化: socks5:// -> socks5h://
00:05:01 [INFO] http_client: 代理协议已标准化: socks5:// -> socks5h://
00:05:01 [INFO] http_client: 代理协议已标准化: socks5:// -> socks5h://
00:05:01 [INFO] http_client: 代理协议已标准化: socks5:// -> socks5h://
00:05:01 [INFO] http_client: 代理协议已标准化: socks5:// -> socks5h://
00:05:01 [INFO] http_client: 代理协议已标准化: socks5:// -> socks5h://
00:05:01 [INFO] http_client: 代理协议已标准化: socks5:// -> socks5h://
00:05:01 [INFO] http_client: 代理协议已标准化: socks5:// -> socks5h://
00:05:02 [INFO] proxy_health: 健康检查完成: 9 正常 / 0 异常 / 0 移除（耗时 0.9s）
00:10:02 [INFO] http_client: 代理协议已标准化: socks5:// -> socks5h://
00:10:02 [INFO] http_client: 代理协议已标准化: socks5:// -> socks5h://
00:10:02 [INFO] http_client: 代理协议已标准化: socks5:// -> socks5h://
00:10:02 [INFO] http_client: 代理协议已标准化: socks5:// -> socks5h://
00:10:02 [INFO] http_client: 代理协议已标准化: socks5:// -> socks5h://
00:10:02 [INFO] http_client: 代理协议已标准化: socks5:// -> socks5h://
00:10:02 [INFO] http_client: 代理协议已标准化: socks5:// -> socks5h://
00:10:02 [INFO] http_client: 代理协议已标准化: socks5:// -> socks5h://
00:10:02 [INFO] http_client: 代理协议已标准化: socks5:// -> socks5h://
00:10:03 [INFO] proxy_health: 健康检查完成: 9 正常 / 0 异常 / 0 移除（耗时 0.9s）
00:15:03 [INFO] http_client: 代理协议已标准化: socks5:// -> socks5h://
00:15:03 [INFO] http_client: 代理协议已标准化: socks5:// -> socks5h://
00:15:03 [INFO] http_client: 代理协议已标准化: socks5:// -> socks5h://
00:15:03 [INFO] http_client: 代理协议已标准化: socks5:// -> socks5h://
00:15:03 [INFO] http_client: 代理协议已标准化: socks5:// -> socks5h://
00:15:03 [INFO] http_client: 代理协议已标准化: socks5:// -> socks5h://
00:15:03 [INFO] http_client: 代理协议已标准化: socks5:// -> socks5h://
00:15:03 [INFO] http_client: 代理协议已标准化: socks5:// -> socks5h://
00:15:03 [INFO] http_client: 代理协议已标准化: socks5:// -> socks5h://
00:15:04 [INFO] proxy_health: 健康检查完成: 9 正常 / 0 异常 / 0 移除（耗时 0.9s）
00:20:04 [INFO] http_client: 代理协议已标准化: socks5:// -> socks5h://
00:20:04 [INFO] http_client: 代理协议已标准化: socks5:// -> socks5h://
00:20:04 [INFO] http_client: 代理协议已标准化: socks5:// -> socks5h://
00:20:04 [INFO] http_client: 代理协议已标准化: socks5:// -> socks5h://
00:20:04 [INFO] http_client: 代理协议已标准化: socks5:// -> socks5h://
00:20:04 [INFO] http_client: 代理协议已标准化: socks5:// -> socks5h://
00:20:04 [INFO] http_client: 代理协议已标准化: socks5:// -> socks5h://
00:20:04 [INFO] http_client: 代理协议已标准化: socks5:// -> socks5h://
00:20:04 [INFO] http_client: 代理协议已标准化: socks5:// -> socks5h://
00:20:05 [INFO] proxy_health: 健康检查完成: 9 正常 / 0 异常 / 0 移除（耗时 1.0s）
00:25:05 [INFO] http_client: 代理协议已标准化: socks5:// -> socks5h://
00:25:05 [INFO] http_client: 代理协议已标准化: socks5:// -> socks5h://
00:25:05 [INFO] http_client: 代理协议已标准化: socks5:// -> socks5h://
00:25:05 [INFO] http_client: 代理协议已标准化: socks5:// -> socks5h://
00:25:05 [INFO] http_client: 代理协议已标准化: socks5:// -> socks5h://
00:25:05 [INFO] http_client: 代理协议已标准化: socks5:// -> socks5h://
00:25:05 [INFO] http_client: 代理协议已标准化: socks5:// -> socks5h://
00:25:05 [INFO] http_client: 代理协议已标准化: socks5:// -> socks5h://
00:25:05 [INFO] http_client: 代理协议已标准化: socks5:// -> socks5h://
00:25:06 [INFO] proxy_health: 健康检查完成: 9 正常 / 0 异常 / 0 移除（耗时 0.9s）
00:30:06 [INFO] http_client: 代理协议已标准化: socks5:// -> socks5h://
00:30:06 [INFO] http_client: 代理协议已标准化: socks5:// -> socks5h://
00:30:06 [INFO] http_client: 代理协议已标准化: socks5:// -> socks5h://
00:30:06 [INFO] http_client: 代理协议已标准化: socks5:// -> socks5h://
00:30:06 [INFO] http_client: 代理协议已标准化: socks5:// -> socks5h://
00:30:06 [INFO] http_client: 代理协议已标准化: socks5:// -> socks5h://
00:30:06 [INFO] http_client: 代理协议已标准化: socks5:// -> socks5h://
00:30:06 [INFO] http_client: 代理协议已标准化: socks5:// -> socks5h://
00:30:06 [INFO] http_client: 代理协议已标准化: socks5:// -> socks5h://
00:30:07 [INFO] proxy_health: 健康检查完成: 9 正常 / 0 异常 / 0 移除（耗时 1.1s）
00:35:07 [INFO] http_client: 代理协议已标准化: socks5:// -> socks5h://
00:35:07 [INFO] http_client: 代理协议已标准化: socks5:// -> socks5h://
00:35:07 [INFO] http_client: 代理协议已标准化: socks5:// -> socks5h://
00:35:07 [INFO] http_client: 代理协议已标准化: socks5:// -> socks5h://
00:35:07 [INFO] http_client: 代理协议已标准化: socks5:// -> socks5h://
00:35:07 [INFO] http_client: 代理协议已标准化: socks5:// -> socks5h://
00:35:07 [INFO] http_client: 代理协议已标准化: socks5:// -> socks5h://
00:35:07 [INFO] http_client: 代理协议已标准化: socks5:// -> socks5h://
00:35:07 [INFO] http_client: 代理协议已标准化: socks5:// -> socks5h://
00:35:08 [INFO] proxy_health: 健康检查完成: 9 正常 / 0 异常 / 0 移除（耗时 0.9s）
00:40:08 [INFO] http_client: 代理协议已标准化: socks5:// -> socks5h://
00:40:08 [INFO] http_client: 代理协议已标准化: socks5:// -> socks5h://
00:40:08 [INFO] http_client: 代理协议已标准化: socks5:// -> socks5h://
00:40:08 [INFO] http_client: 代理协议已标准化: socks5:// -> socks5h://
00:40:08 [INFO] http_client: 代理协议已标准化: socks5:// -> socks5h://
00:40:08 [INFO] http_client: 代理协议已标准化: socks5:// -> socks5h://
00:40:08 [INFO] http_client: 代理协议已标准化: socks5:// -> socks5h://
00:40:08 [INFO] http_client: 代理协议已标准化: socks5:// -> socks5h://
00:40:08 [INFO] http_client: 代理协议已标准化: socks5:// -> socks5h://
00:40:08 [INFO] proxy_health: 健康检查完成: 9 正常 / 0 异常 / 0 移除（耗时 0.9s）
00:45:08 [INFO] http_client: 代理协议已标准化: socks5:// -> socks5h://
00:45:08 [INFO] http_client: 代理协议已标准化: socks5:// -> socks5h://
00:45:08 [INFO] http_client: 代理协议已标准化: socks5:// -> socks5h://
00:45:08 [INFO] http_client: 代理协议已标准化: socks5:// -> socks5h://
00:45:08 [INFO] http_client: 代理协议已标准化: socks5:// -> socks5h://
00:45:08 [INFO] http_client: 代理协议已标准化: socks5:// -> socks5h://
00:45:08 [INFO] http_client: 代理协议已标准化: socks5:// -> socks5h://
00:45:08 [INFO] http_client: 代理协议已标准化: socks5:// -> socks5h://
00:45:08 [INFO] http_client: 代理协议已标准化: socks5:// -> socks5h://
00:45:09 [INFO] proxy_health: 健康检查完成: 9 正常 / 0 异常 / 0 移除（耗时 0.9s）
00:50:09 [INFO] http_client: 代理协议已标准化: socks5:// -> socks5h://
00:50:09 [INFO] http_client: 代理协议已标准化: socks5:// -> socks5h://
00:50:09 [INFO] http_client: 代理协议已标准化: socks5:// -> socks5h://
00:50:09 [INFO] http_client: 代理协议已标准化: socks5:// -> socks5h://
00:50:09 [INFO] http_client: 代理协议已标准化: socks5:// -> socks5h://
00:50:09 [INFO] http_client: 代理协议已标准化: socks5:// -> socks5h://
00:50:09 [INFO] http_client: 代理协议已标准化: socks5:// -> socks5h://
00:50:09 [INFO] http_client: 代理协议已标准化: socks5:// -> socks5h://
00:50:09 [INFO] http_client: 代理协议已标准化: socks5:// -> socks5h://
00:50:10 [INFO] proxy_health: 健康检查完成: 9 正常 / 0 异常 / 0 移除（耗时 0.9s）
00:55:10 [INFO] http_client: 代理协议已标准化: socks5:// -> socks5h://
00:55:10 [INFO] http_client: 代理协议已标准化: socks5:// -> socks5h://
00:55:10 [INFO] http_client: 代理协议已标准化: socks5:// -> socks5h://
00:55:10 [INFO] http_client: 代理协议已标准化: socks5:// -> socks5h://
00:55:10 [INFO] http_client: 代理协议已标准化: socks5:// -> socks5h://
00:55:10 [INFO] http_client: 代理协议已标准化: socks5:// -> socks5h://
00:55:10 [INFO] http_client: 代理协议已标准化: socks5:// -> socks5h://
00:55:10 [INFO] http_client: 代理协议已标准化: socks5:// -> socks5h://
00:55:10 [INFO] http_client: 代理协议已标准化: socks5:// -> socks5h://
00:55:11 [INFO] proxy_health: 健康检查完成: 9 正常 / 0 异常 / 0 移除（耗时 0.9s）
01:00:11 [INFO] http_client: 代理协议已标准化: socks5:// -> socks5h://
01:00:11 [INFO] http_client: 代理协议已标准化: socks5:// -> socks5h://
01:00:11 [INFO] http_client: 代理协议已标准化: socks5:// -> socks5h://
01:00:11 [INFO] http_client: 代理协议已标准化: socks5:// -> socks5h://
01:00:11 [INFO] http_client: 代理协议已标准化: socks5:// -> socks5h://
01:00:11 [INFO] http_client: 代理协议已标准化: socks5:// -> socks5h://
01:00:11 [INFO] http_client: 代理协议已标准化: socks5:// -> socks5h://
01:00:11 [INFO] http_client: 代理协议已标准化: socks5:// -> socks5h://
01:00:11 [INFO] http_client: 代理协议已标准化: socks5:// -> socks5h://
01:00:12 [INFO] proxy_health: 健康检查完成: 9 正常 / 0 异常 / 0 移除（耗时 0.9s）
01:05:12 [INFO] http_client: 代理协议已标准化: socks5:// -> socks5h://
01:05:12 [INFO] http_client: 代理协议已标准化: socks5:// -> socks5h://
01:05:12 [INFO] http_client: 代理协议已标准化: socks5:// -> socks5h://
01:05:12 [INFO] http_client: 代理协议已标准化: socks5:// -> socks5h://
01:05:12 [INFO] http_client: 代理协议已标准化: socks5:// -> socks5h://
01:05:12 [INFO] http_client: 代理协议已标准化: socks5:// -> socks5h://
01:05:12 [INFO] http_client: 代理协议已标准化: socks5:// -> socks5h://
01:05:12 [INFO] http_client: 代理协议已标准化: socks5:// -> socks5h://
01:05:12 [INFO] http_client: 代理协议已标准化: socks5:// -> socks5h://
01:05:13 [INFO] proxy_health: 健康检查完成: 9 正常 / 0 异常 / 0 移除（耗时 0.9s）
01:10:13 [INFO] http_client: 代理协议已标准化: socks5:// -> socks5h://
01:10:13 [INFO] http_client: 代理协议已标准化: socks5:// -> socks5h://
01:10:13 [INFO] http_client: 代理协议已标准化: socks5:// -> socks5h://
01:10:13 [INFO] http_client: 代理协议已标准化: socks5:// -> socks5h://
01:10:13 [INFO] http_client: 代理协议已标准化: socks5:// -> socks5h://
01:10:13 [INFO] http_client: 代理协议已标准化: socks5:// -> socks5h://
01:10:13 [INFO] http_client: 代理协议已标准化: socks5:// -> socks5h://
01:10:13 [INFO] http_client: 代理协议已标准化: socks5:// -> socks5h://
01:10:13 [INFO] http_client: 代理协议已标准化: socks5:// -> socks5h://
01:10:14 [INFO] proxy_health: 健康检查完成: 9 正常 / 0 异常 / 0 移除（耗时 0.9s）
01:15:14 [INFO] http_client: 代理协议已标准化: socks5:// -> socks5h://
01:15:14 [INFO] http_client: 代理协议已标准化: socks5:// -> socks5h://
01:15:14 [INFO] http_client: 代理协议已标准化: socks5:// -> socks5h://
01:15:14 [INFO] http_client: 代理协议已标准化: socks5:// -> socks5h://
01:15:14 [INFO] http_client: 代理协议已标准化: socks5:// -> socks5h://
01:15:14 [INFO] http_client: 代理协议已标准化: socks5:// -> socks5h://
01:15:14 [INFO] http_client: 代理协议已标准化: socks5:// -> socks5h://
01:15:14 [INFO] http_client: 代理协议已标准化: socks5:// -> socks5h://
01:15:14 [INFO] http_client: 代理协议已标准化: socks5:// -> socks5h://
01:15:15 [INFO] proxy_health: 健康检查完成: 9 正常 / 0 异常 / 0 移除（耗时 0.9s）
01:20:15 [INFO] http_client: 代理协议已标准化: socks5:// -> socks5h://
01:20:15 [INFO] http_client: 代理协议已标准化: socks5:// -> socks5h://
01:20:15 [INFO] http_client: 代理协议已标准化: socks5:// -> socks5h://
01:20:15 [INFO] http_client: 代理协议已标准化: socks5:// -> socks5h://
01:20:15 [INFO] http_client: 代理协议已标准化: socks5:// -> socks5h://
01:20:15 [INFO] http_client: 代理协议已标准化: socks5:// -> socks5h://
01:20:15 [INFO] http_client: 代理协议已标准化: socks5:// -> socks5h://
01:20:15 [INFO] http_client: 代理协议已标准化: socks5:// -> socks5h://
01:20:15 [INFO] http_client: 代理协议已标准化: socks5:// -> socks5h://
01:20:16 [INFO] proxy_health: 健康检查完成: 9 正常 / 0 异常 / 0 移除（耗时 0.9s）
01:25:16 [INFO] http_client: 代理协议已标准化: socks5:// -> socks5h://
01:25:16 [INFO] http_client: 代理协议已标准化: socks5:// -> socks5h://
01:25:16 [INFO] http_client: 代理协议已标准化: socks5:// -> socks5h://
01:25:16 [INFO] http_client: 代理协议已标准化: socks5:// -> socks5h://
01:25:16 [INFO] http_client: 代理协议已标准化: socks5:// -> socks5h://
01:25:16 [INFO] http_client: 代理协议已标准化: socks5:// -> socks5h://
01:25:16 [INFO] http_client: 代理协议已标准化: socks5:// -> socks5h://
01:25:16 [INFO] http_client: 代理协议已标准化: socks5:// -> socks5h://
01:25:16 [INFO] http_client: 代理协议已标准化: socks5:// -> socks5h://
01:25:16 [INFO] proxy_health: 健康检查完成: 9 正常 / 0 异常 / 0 移除（耗时 0.9s）
01:30:16 [INFO] http_client: 代理协议已标准化: socks5:// -> socks5h://
01:30:16 [INFO] http_client: 代理协议已标准化: socks5:// -> socks5h://
01:30:16 [INFO] http_client: 代理协议已标准化: socks5:// -> socks5h://
01:30:16 [INFO] http_client: 代理协议已标准化: socks5:// -> socks5h://
01:30:16 [INFO] http_client: 代理协议已标准化: socks5:// -> socks5h://
01:30:16 [INFO] http_client: 代理协议已标准化: socks5:// -> socks5h://
01:30:16 [INFO] http_client: 代理协议已标准化: socks5:// -> socks5h://
01:30:16 [INFO] http_client: 代理协议已标准化: socks5:// -> socks5h://
01:30:16 [INFO] http_client: 代理协议已标准化: socks5:// -> socks5h://
01:30:17 [INFO] proxy_health: 健康检查完成: 9 正常 / 0 异常 / 0 移除（耗时 0.9s）
01:35:17 [INFO] http_client: 代理协议已标准化: socks5:// -> socks5h://
01:35:17 [INFO] http_client: 代理协议已标准化: socks5:// -> socks5h://
01:35:17 [INFO] http_client: 代理协议已标准化: socks5:// -> socks5h://
01:35:17 [INFO] http_client: 代理协议已标准化: socks5:// -> socks5h://
01:35:17 [INFO] http_client: 代理协议已标准化: socks5:// -> socks5h://
01:35:17 [INFO] http_client: 代理协议已标准化: socks5:// -> socks5h://
01:35:17 [INFO] http_client: 代理协议已标准化: socks5:// -> socks5h://
01:35:17 [INFO] http_client: 代理协议已标准化: socks5:// -> socks5h://
01:35:17 [INFO] http_client: 代理协议已标准化: socks5:// -> socks5h://
01:35:18 [INFO] proxy_health: 健康检查完成: 9 正常 / 0 异常 / 0 移除（耗时 1.1s）
01:40:18 [INFO] http_client: 代理协议已标准化: socks5:// -> socks5h://
01:40:18 [INFO] http_client: 代理协议已标准化: socks5:// -> socks5h://
01:40:18 [INFO] http_client: 代理协议已标准化: socks5:// -> socks5h://
01:40:18 [INFO] http_client: 代理协议已标准化: socks5:// -> socks5h://
01:40:18 [INFO] http_client: 代理协议已标准化: socks5:// -> socks5h://
01:40:18 [INFO] http_client: 代理协议已标准化: socks5:// -> socks5h://
01:40:18 [INFO] http_client: 代理协议已标准化: socks5:// -> socks5h://
01:40:18 [INFO] http_client: 代理协议已标准化: socks5:// -> socks5h://
01:40:18 [INFO] http_client: 代理协议已标准化: socks5:// -> socks5h://
01:40:19 [INFO] proxy_health: 健康检查完成: 9 正常 / 0 异常 / 0 移除（耗时 0.9s）
01:45:19 [INFO] http_client: 代理协议已标准化: socks5:// -> socks5h://
01:45:19 [INFO] http_client: 代理协议已标准化: socks5:// -> socks5h://
01:45:19 [INFO] http_client: 代理协议已标准化: socks5:// -> socks5h://
01:45:19 [INFO] http_client: 代理协议已标准化: socks5:// -> socks5h://
01:45:19 [INFO] http_client: 代理协议已标准化: socks5:// -> socks5h://
01:45:19 [INFO] http_client: 代理协议已标准化: socks5:// -> socks5h://
01:45:19 [INFO] http_client: 代理协议已标准化: socks5:// -> socks5h://
01:45:19 [INFO] http_client: 代理协议已标准化: socks5:// -> socks5h://
01:45:19 [INFO] http_client: 代理协议已标准化: socks5:// -> socks5h://
01:45:20 [INFO] proxy_health: 健康检查完成: 9 正常 / 0 异常 / 0 移除（耗时 0.9s）
01:50:20 [INFO] http_client: 代理协议已标准化: socks5:// -> socks5h://
01:50:20 [INFO] http_client: 代理协议已标准化: socks5:// -> socks5h://
01:50:20 [INFO] http_client: 代理协议已标准化: socks5:// -> socks5h://
01:50:20 [INFO] http_client: 代理协议已标准化: socks5:// -> socks5h://
01:50:20 [INFO] http_client: 代理协议已标准化: socks5:// -> socks5h://
01:50:20 [INFO] http_client: 代理协议已标准化: socks5:// -> socks5h://
01:50:20 [INFO] http_client: 代理协议已标准化: socks5:// -> socks5h://
01:50:20 [INFO] http_client: 代理协议已标准化: socks5:// -> socks5h://
01:50:20 [INFO] http_client: 代理协议已标准化: socks5:// -> socks5h://
01:50:21 [INFO] proxy_health: 健康检查完成: 9 正常 / 0 异常 / 0 移除（耗时 0.9s）
01:55:21 [INFO] http_client: 代理协议已标准化: socks5:// -> socks5h://
01:55:21 [INFO] http_client: 代理协议已标准化: socks5:// -> socks5h://
01:55:21 [INFO] http_client: 代理协议已标准化: socks5:// -> socks5h://
01:55:21 [INFO] http_client: 代理协议已标准化: socks5:// -> socks5h://
01:55:21 [INFO] http_client: 代理协议已标准化: socks5:// -> socks5h://
01:55:21 [INFO] http_client: 代理协议已标准化: socks5:// -> socks5h://
01:55:21 [INFO] http_client: 代理协议已标准化: socks5:// -> socks5h://
01:55:21 [INFO] http_client: 代理协议已标准化: socks5:// -> socks5h://
01:55:21 [INFO] http_client: 代理协议已标准化: socks5:// -> socks5h://
01:55:22 [INFO] proxy_health: 健康检查完成: 9 正常 / 0 异常 / 0 移除（耗时 1.0s）
02:00:22 [INFO] http_client: 代理协议已标准化: socks5:// -> socks5h://
02:00:22 [INFO] http_client: 代理协议已标准化: socks5:// -> socks5h://
02:00:22 [INFO] http_client: 代理协议已标准化: socks5:// -> socks5h://
02:00:22 [INFO] http_client: 代理协议已标准化: socks5:// -> socks5h://
02:00:22 [INFO] http_client: 代理协议已标准化: socks5:// -> socks5h://
02:00:22 [INFO] http_client: 代理协议已标准化: socks5:// -> socks5h://
02:00:22 [INFO] http_client: 代理协议已标准化: socks5:// -> socks5h://
02:00:22 [INFO] http_client: 代理协议已标准化: socks5:// -> socks5h://
02:00:22 [INFO] http_client: 代理协议已标准化: socks5:// -> socks5h://
02:00:23 [INFO] proxy_health: 健康检查完成: 9 正常 / 0 异常 / 0 移除（耗时 0.9s）
02:05:23 [INFO] http_client: 代理协议已标准化: socks5:// -> socks5h://
02:05:23 [INFO] http_client: 代理协议已标准化: socks5:// -> socks5h://
02:05:23 [INFO] http_client: 代理协议已标准化: socks5:// -> socks5h://
02:05:23 [INFO] http_client: 代理协议已标准化: socks5:// -> socks5h://
02:05:23 [INFO] http_client: 代理协议已标准化: socks5:// -> socks5h://
02:05:23 [INFO] http_client: 代理协议已标准化: socks5:// -> socks5h://
02:05:23 [INFO] http_client: 代理协议已标准化: socks5:// -> socks5h://
02:05:23 [INFO] http_client: 代理协议已标准化: socks5:// -> socks5h://
02:05:23 [INFO] http_client: 代理协议已标准化: socks5:// -> socks5h://
02:05:24 [INFO] proxy_health: 健康检查完成: 9 正常 / 0 异常 / 0 移除（耗时 0.9s）
02:10:24 [INFO] http_client: 代理协议已标准化: socks5:// -> socks5h://
02:10:24 [INFO] http_client: 代理协议已标准化: socks5:// -> socks5h://
02:10:24 [INFO] http_client: 代理协议已标准化: socks5:// -> socks5h://
02:10:24 [INFO] http_client: 代理协议已标准化: socks5:// -> socks5h://
02:10:24 [INFO] http_client: 代理协议已标准化: socks5:// -> socks5h://
02:10:24 [INFO] http_client: 代理协议已标准化: socks5:// -> socks5h://
02:10:24 [INFO] http_client: 代理协议已标准化: socks5:// -> socks5h://
02:10:24 [INFO] http_client: 代理协议已标准化: socks5:// -> socks5h://
02:10:24 [INFO] http_client: 代理协议已标准化: socks5:// -> socks5h://
02:10:25 [INFO] proxy_health: 健康检查完成: 9 正常 / 0 异常 / 0 移除（耗时 0.9s）
02:15:25 [INFO] http_client: 代理协议已标准化: socks5:// -> socks5h://
02:15:25 [INFO] http_client: 代理协议已标准化: socks5:// -> socks5h://
02:15:25 [INFO] http_client: 代理协议已标准化: socks5:// -> socks5h://
02:15:25 [INFO] http_client: 代理协议已标准化: socks5:// -> socks5h://
02:15:25 [INFO] http_client: 代理协议已标准化: socks5:// -> socks5h://
02:15:25 [INFO] http_client: 代理协议已标准化: socks5:// -> socks5h://
02:15:25 [INFO] http_client: 代理协议已标准化: socks5:// -> socks5h://
02:15:25 [INFO] http_client: 代理协议已标准化: socks5:// -> socks5h://
02:15:25 [INFO] http_client: 代理协议已标准化: socks5:// -> socks5h://
02:15:26 [INFO] proxy_health: 健康检查完成: 9 正常 / 0 异常 / 0 移除（耗时 0.9s）
02:20:26 [INFO] http_client: 代理协议已标准化: socks5:// -> socks5h://
02:20:26 [INFO] http_client: 代理协议已标准化: socks5:// -> socks5h://
02:20:26 [INFO] http_client: 代理协议已标准化: socks5:// -> socks5h://
02:20:26 [INFO] http_client: 代理协议已标准化: socks5:// -> socks5h://
02:20:26 [INFO] http_client: 代理协议已标准化: socks5:// -> socks5h://
02:20:26 [INFO] http_client: 代理协议已标准化: socks5:// -> socks5h://
02:20:26 [INFO] http_client: 代理协议已标准化: socks5:// -> socks5h://
02:20:26 [INFO] http_client: 代理协议已标准化: socks5:// -> socks5h://
02:20:26 [INFO] http_client: 代理协议已标准化: socks5:// -> socks5h://
02:20:26 [INFO] proxy_health: 健康检查完成: 9 正常 / 0 异常 / 0 移除（耗时 0.9s）
02:25:26 [INFO] http_client: 代理协议已标准化: socks5:// -> socks5h://
02:25:26 [INFO] http_client: 代理协议已标准化: socks5:// -> socks5h://
02:25:26 [INFO] http_client: 代理协议已标准化: socks5:// -> socks5h://
02:25:26 [INFO] http_client: 代理协议已标准化: socks5:// -> socks5h://
02:25:26 [INFO] http_client: 代理协议已标准化: socks5:// -> socks5h://
02:25:26 [INFO] http_client: 代理协议已标准化: socks5:// -> socks5h://
02:25:26 [INFO] http_client: 代理协议已标准化: socks5:// -> socks5h://
02:25:26 [INFO] http_client: 代理协议已标准化: socks5:// -> socks5h://
02:25:26 [INFO] http_client: 代理协议已标准化: socks5:// -> socks5h://
02:25:27 [INFO] proxy_health: 健康检查完成: 9 正常 / 0 异常 / 0 移除（耗时 0.9s）
02:30:27 [INFO] http_client: 代理协议已标准化: socks5:// -> socks5h://
02:30:27 [INFO] http_client: 代理协议已标准化: socks5:// -> socks5h://
02:30:27 [INFO] http_client: 代理协议已标准化: socks5:// -> socks5h://
02:30:27 [INFO] http_client: 代理协议已标准化: socks5:// -> socks5h://
02:30:27 [INFO] http_client: 代理协议已标准化: socks5:// -> socks5h://
02:30:27 [INFO] http_client: 代理协议已标准化: socks5:// -> socks5h://
02:30:27 [INFO] http_client: 代理协议已标准化: socks5:// -> socks5h://
02:30:27 [INFO] http_client: 代理协议已标准化: socks5:// -> socks5h://
02:30:27 [INFO] http_client: 代理协议已标准化: socks5:// -> socks5h://
02:30:28 [INFO] proxy_health: 健康检查完成: 9 正常 / 0 异常 / 0 移除（耗时 0.9s）
02:35:28 [INFO] http_client: 代理协议已标准化: socks5:// -> socks5h://
02:35:28 [INFO] http_client: 代理协议已标准化: socks5:// -> socks5h://
02:35:28 [INFO] http_client: 代理协议已标准化: socks5:// -> socks5h://
02:35:28 [INFO] http_client: 代理协议已标准化: socks5:// -> socks5h://
02:35:28 [INFO] http_client: 代理协议已标准化: socks5:// -> socks5h://
02:35:28 [INFO] http_client: 代理协议已标准化: socks5:// -> socks5h://
02:35:28 [INFO] http_client: 代理协议已标准化: socks5:// -> socks5h://
02:35:28 [INFO] http_client: 代理协议已标准化: socks5:// -> socks5h://
02:35:28 [INFO] http_client: 代理协议已标准化: socks5:// -> socks5h://
02:35:29 [INFO] proxy_health: 健康检查完成: 9 正常 / 0 异常 / 0 移除（耗时 1.0s）
02:40:29 [INFO] http_client: 代理协议已标准化: socks5:// -> socks5h://
02:40:29 [INFO] http_client: 代理协议已标准化: socks5:// -> socks5h://
02:40:29 [INFO] http_client: 代理协议已标准化: socks5:// -> socks5h://
02:40:29 [INFO] http_client: 代理协议已标准化: socks5:// -> socks5h://
02:40:29 [INFO] http_client: 代理协议已标准化: socks5:// -> socks5h://
02:40:29 [INFO] http_client: 代理协议已标准化: socks5:// -> socks5h://
02:40:29 [INFO] http_client: 代理协议已标准化: socks5:// -> socks5h://
02:40:29 [INFO] http_client: 代理协议已标准化: socks5:// -> socks5h://
02:40:29 [INFO] http_client: 代理协议已标准化: socks5:// -> socks5h://
02:40:30 [INFO] proxy_health: 健康检查完成: 9 正常 / 0 异常 / 0 移除（耗时 0.9s）
02:45:30 [INFO] http_client: 代理协议已标准化: socks5:// -> socks5h://
02:45:30 [INFO] http_client: 代理协议已标准化: socks5:// -> socks5h://
02:45:30 [INFO] http_client: 代理协议已标准化: socks5:// -> socks5h://
02:45:30 [INFO] http_client: 代理协议已标准化: socks5:// -> socks5h://
02:45:30 [INFO] http_client: 代理协议已标准化: socks5:// -> socks5h://
02:45:30 [INFO] http_client: 代理协议已标准化: socks5:// -> socks5h://
02:45:30 [INFO] http_client: 代理协议已标准化: socks5:// -> socks5h://
02:45:30 [INFO] http_client: 代理协议已标准化: socks5:// -> socks5h://
02:45:30 [INFO] http_client: 代理协议已标准化: socks5:// -> socks5h://
02:45:31 [INFO] proxy_health: 健康检查完成: 9 正常 / 0 异常 / 0 移除（耗时 0.9s）
02:50:31 [INFO] http_client: 代理协议已标准化: socks5:// -> socks5h://
02:50:31 [INFO] http_client: 代理协议已标准化: socks5:// -> socks5h://
02:50:31 [INFO] http_client: 代理协议已标准化: socks5:// -> socks5h://
02:50:31 [INFO] http_client: 代理协议已标准化: socks5:// -> socks5h://
02:50:31 [INFO] http_client: 代理协议已标准化: socks5:// -> socks5h://
02:50:31 [INFO] http_client: 代理协议已标准化: socks5:// -> socks5h://
02:50:31 [INFO] http_client: 代理协议已标准化: socks5:// -> socks5h://
02:50:31 [INFO] http_client: 代理协议已标准化: socks5:// -> socks5h://
02:50:31 [INFO] http_client: 代理协议已标准化: socks5:// -> socks5h://
02:50:32 [INFO] proxy_health: 健康检查完成: 9 正常 / 0 异常 / 0 移除（耗时 0.9s）
02:55:32 [INFO] http_client: 代理协议已标准化: socks5:// -> socks5h://
02:55:32 [INFO] http_client: 代理协议已标准化: socks5:// -> socks5h://
02:55:32 [INFO] http_client: 代理协议已标准化: socks5:// -> socks5h://
02:55:32 [INFO] http_client: 代理协议已标准化: socks5:// -> socks5h://
02:55:32 [INFO] http_client: 代理协议已标准化: socks5:// -> socks5h://
02:55:32 [INFO] http_client: 代理协议已标准化: socks5:// -> socks5h://
02:55:32 [INFO] http_client: 代理协议已标准化: socks5:// -> socks5h://
02:55:32 [INFO] http_client: 代理协议已标准化: socks5:// -> socks5h://
02:55:32 [INFO] http_client: 代理协议已标准化: socks5:// -> socks5h://
02:55:33 [INFO] proxy_health: 健康检查完成: 9 正常 / 0 异常 / 0 移除（耗时 0.9s）
03:00:33 [INFO] http_client: 代理协议已标准化: socks5:// -> socks5h://
03:00:33 [INFO] http_client: 代理协议已标准化: socks5:// -> socks5h://
03:00:33 [INFO] http_client: 代理协议已标准化: socks5:// -> socks5h://
03:00:33 [INFO] http_client: 代理协议已标准化: socks5:// -> socks5h://
03:00:33 [INFO] http_client: 代理协议已标准化: socks5:// -> socks5h://
03:00:33 [INFO] http_client: 代理协议已标准化: socks5:// -> socks5h://
03:00:33 [INFO] http_client: 代理协议已标准化: socks5:// -> socks5h://
03:00:33 [INFO] http_client: 代理协议已标准化: socks5:// -> socks5h://
03:00:33 [INFO] http_client: 代理协议已标准化: socks5:// -> socks5h://
03:00:34 [INFO] proxy_health: 健康检查完成: 9 正常 / 0 异常 / 0 移除（耗时 1.3s）
03:05:34 [INFO] http_client: 代理协议已标准化: socks5:// -> socks5h://
03:05:34 [INFO] http_client: 代理协议已标准化: socks5:// -> socks5h://
03:05:34 [INFO] http_client: 代理协议已标准化: socks5:// -> socks5h://
03:05:34 [INFO] http_client: 代理协议已标准化: socks5:// -> socks5h://
03:05:34 [INFO] http_client: 代理协议已标准化: socks5:// -> socks5h://
03:05:34 [INFO] http_client: 代理协议已标准化: socks5:// -> socks5h://
03:05:34 [INFO] http_client: 代理协议已标准化: socks5:// -> socks5h://
03:05:34 [INFO] http_client: 代理协议已标准化: socks5:// -> socks5h://
03:05:34 [INFO] http_client: 代理协议已标准化: socks5:// -> socks5h://
03:05:35 [INFO] proxy_health: 健康检查完成: 9 正常 / 0 异常 / 0 移除（耗时 0.9s）
03:10:35 [INFO] http_client: 代理协议已标准化: socks5:// -> socks5h://
03:10:35 [INFO] http_client: 代理协议已标准化: socks5:// -> socks5h://
03:10:35 [INFO] http_client: 代理协议已标准化: socks5:// -> socks5h://
03:10:35 [INFO] http_client: 代理协议已标准化: socks5:// -> socks5h://
03:10:35 [INFO] http_client: 代理协议已标准化: socks5:// -> socks5h://
03:10:35 [INFO] http_client: 代理协议已标准化: socks5:// -> socks5h://
03:10:35 [INFO] http_client: 代理协议已标准化: socks5:// -> socks5h://
03:10:35 [INFO] http_client: 代理协议已标准化: socks5:// -> socks5h://
03:10:35 [INFO] http_client: 代理协议已标准化: socks5:// -> socks5h://
03:10:36 [INFO] proxy_health: 健康检查完成: 9 正常 / 0 异常 / 0 移除（耗时 0.9s）
03:15:36 [INFO] http_client: 代理协议已标准化: socks5:// -> socks5h://
03:15:36 [INFO] http_client: 代理协议已标准化: socks5:// -> socks5h://
03:15:36 [INFO] http_client: 代理协议已标准化: socks5:// -> socks5h://
03:15:36 [INFO] http_client: 代理协议已标准化: socks5:// -> socks5h://
03:15:36 [INFO] http_client: 代理协议已标准化: socks5:// -> socks5h://
03:15:36 [INFO] http_client: 代理协议已标准化: socks5:// -> socks5h://
03:15:36 [INFO] http_client: 代理协议已标准化: socks5:// -> socks5h://
03:15:36 [INFO] http_client: 代理协议已标准化: socks5:// -> socks5h://
03:15:36 [INFO] http_client: 代理协议已标准化: socks5:// -> socks5h://
03:15:37 [INFO] proxy_health: 健康检查完成: 9 正常 / 0 异常 / 0 移除（耗时 0.9s）
03:20:37 [INFO] http_client: 代理协议已标准化: socks5:// -> socks5h://
03:20:37 [INFO] http_client: 代理协议已标准化: socks5:// -> socks5h://
03:20:37 [INFO] http_client: 代理协议已标准化: socks5:// -> socks5h://
03:20:37 [INFO] http_client: 代理协议已标准化: socks5:// -> socks5h://
03:20:37 [INFO] http_client: 代理协议已标准化: socks5:// -> socks5h://
03:20:37 [INFO] http_client: 代理协议已标准化: socks5:// -> socks5h://
03:20:37 [INFO] http_client: 代理协议已标准化: socks5:// -> socks5h://
03:20:37 [INFO] http_client: 代理协议已标准化: socks5:// -> socks5h://
03:20:37 [INFO] http_client: 代理协议已标准化: socks5:// -> socks5h://
03:20:38 [INFO] proxy_health: 健康检查完成: 9 正常 / 0 异常 / 0 移除（耗时 0.9s）
03:25:38 [INFO] http_client: 代理协议已标准化: socks5:// -> socks5h://
03:25:38 [INFO] http_client: 代理协议已标准化: socks5:// -> socks5h://
03:25:38 [INFO] http_client: 代理协议已标准化: socks5:// -> socks5h://
03:25:38 [INFO] http_client: 代理协议已标准化: socks5:// -> socks5h://
03:25:38 [INFO] http_client: 代理协议已标准化: socks5:// -> socks5h://
03:25:38 [INFO] http_client: 代理协议已标准化: socks5:// -> socks5h://
03:25:38 [INFO] http_client: 代理协议已标准化: socks5:// -> socks5h://
03:25:38 [INFO] http_client: 代理协议已标准化: socks5:// -> socks5h://
03:25:38 [INFO] http_client: 代理协议已标准化: socks5:// -> socks5h://
03:25:38 [INFO] proxy_health: 健康检查完成: 9 正常 / 0 异常 / 0 移除（耗时 0.9s）
03:30:38 [INFO] http_client: 代理协议已标准化: socks5:// -> socks5h://
03:30:38 [INFO] http_client: 代理协议已标准化: socks5:// -> socks5h://
03:30:38 [INFO] http_client: 代理协议已标准化: socks5:// -> socks5h://
03:30:38 [INFO] http_client: 代理协议已标准化: socks5:// -> socks5h://
03:30:38 [INFO] http_client: 代理协议已标准化: socks5:// -> socks5h://
03:30:38 [INFO] http_client: 代理协议已标准化: socks5:// -> socks5h://
03:30:38 [INFO] http_client: 代理协议已标准化: socks5:// -> socks5h://
03:30:38 [INFO] http_client: 代理协议已标准化: socks5:// -> socks5h://
03:30:38 [INFO] http_client: 代理协议已标准化: socks5:// -> socks5h://
03:30:39 [INFO] proxy_health: 健康检查完成: 9 正常 / 0 异常 / 0 移除（耗时 0.9s）
03:35:39 [INFO] http_client: 代理协议已标准化: socks5:// -> socks5h://
03:35:39 [INFO] http_client: 代理协议已标准化: socks5:// -> socks5h://
03:35:39 [INFO] http_client: 代理协议已标准化: socks5:// -> socks5h://
03:35:39 [INFO] http_client: 代理协议已标准化: socks5:// -> socks5h://
03:35:39 [INFO] http_client: 代理协议已标准化: socks5:// -> socks5h://
03:35:39 [INFO] http_client: 代理协议已标准化: socks5:// -> socks5h://
03:35:39 [INFO] http_client: 代理协议已标准化: socks5:// -> socks5h://
03:35:39 [INFO] http_client: 代理协议已标准化: socks5:// -> socks5h://
03:35:39 [INFO] http_client: 代理协议已标准化: socks5:// -> socks5h://
03:35:40 [INFO] proxy_health: 健康检查完成: 9 正常 / 0 异常 / 0 移除（耗时 1.1s）
03:40:40 [INFO] http_client: 代理协议已标准化: socks5:// -> socks5h://
03:40:40 [INFO] http_client: 代理协议已标准化: socks5:// -> socks5h://
03:40:40 [INFO] http_client: 代理协议已标准化: socks5:// -> socks5h://
03:40:40 [INFO] http_client: 代理协议已标准化: socks5:// -> socks5h://
03:40:40 [INFO] http_client: 代理协议已标准化: socks5:// -> socks5h://
03:40:40 [INFO] http_client: 代理协议已标准化: socks5:// -> socks5h://
03:40:40 [INFO] http_client: 代理协议已标准化: socks5:// -> socks5h://
03:40:40 [INFO] http_client: 代理协议已标准化: socks5:// -> socks5h://
03:40:40 [INFO] http_client: 代理协议已标准化: socks5:// -> socks5h://
03:40:41 [INFO] proxy_health: 健康检查完成: 9 正常 / 0 异常 / 0 移除（耗时 0.9s）
03:45:41 [INFO] http_client: 代理协议已标准化: socks5:// -> socks5h://
03:45:41 [INFO] http_client: 代理协议已标准化: socks5:// -> socks5h://
03:45:41 [INFO] http_client: 代理协议已标准化: socks5:// -> socks5h://
03:45:41 [INFO] http_client: 代理协议已标准化: socks5:// -> socks5h://
03:45:41 [INFO] http_client: 代理协议已标准化: socks5:// -> socks5h://
03:45:41 [INFO] http_client: 代理协议已标准化: socks5:// -> socks5h://
03:45:41 [INFO] http_client: 代理协议已标准化: socks5:// -> socks5h://
03:45:41 [INFO] http_client: 代理协议已标准化: socks5:// -> socks5h://
03:45:41 [INFO] http_client: 代理协议已标准化: socks5:// -> socks5h://
03:45:42 [INFO] proxy_health: 健康检查完成: 9 正常 / 0 异常 / 0 移除（耗时 1.0s）
03:50:42 [INFO] http_client: 代理协议已标准化: socks5:// -> socks5h://
03:50:42 [INFO] http_client: 代理协议已标准化: socks5:// -> socks5h://
03:50:42 [INFO] http_client: 代理协议已标准化: socks5:// -> socks5h://
03:50:42 [INFO] http_client: 代理协议已标准化: socks5:// -> socks5h://
03:50:42 [INFO] http_client: 代理协议已标准化: socks5:// -> socks5h://
03:50:42 [INFO] http_client: 代理协议已标准化: socks5:// -> socks5h://
03:50:42 [INFO] http_client: 代理协议已标准化: socks5:// -> socks5h://
03:50:42 [INFO] http_client: 代理协议已标准化: socks5:// -> socks5h://
03:50:42 [INFO] http_client: 代理协议已标准化: socks5:// -> socks5h://
03:50:46 [INFO] proxy_health: 健康检查完成: 9 正常 / 0 异常 / 0 移除（耗时 3.3s）
03:55:46 [INFO] http_client: 代理协议已标准化: socks5:// -> socks5h://
03:55:46 [INFO] http_client: 代理协议已标准化: socks5:// -> socks5h://
03:55:46 [INFO] http_client: 代理协议已标准化: socks5:// -> socks5h://
03:55:46 [INFO] http_client: 代理协议已标准化: socks5:// -> socks5h://
03:55:46 [INFO] http_client: 代理协议已标准化: socks5:// -> socks5h://
03:55:46 [INFO] http_client: 代理协议已标准化: socks5:// -> socks5h://
03:55:46 [INFO] http_client: 代理协议已标准化: socks5:// -> socks5h://
03:55:46 [INFO] http_client: 代理协议已标准化: socks5:// -> socks5h://
03:55:46 [INFO] http_client: 代理协议已标准化: socks5:// -> socks5h://
03:55:46 [INFO] proxy_health: 健康检查完成: 9 正常 / 0 异常 / 0 移除（耗时 0.9s）
04:00:46 [INFO] http_client: 代理协议已标准化: socks5:// -> socks5h://
04:00:46 [INFO] http_client: 代理协议已标准化: socks5:// -> socks5h://
04:00:46 [INFO] http_client: 代理协议已标准化: socks5:// -> socks5h://
04:00:46 [INFO] http_client: 代理协议已标准化: socks5:// -> socks5h://
04:00:46 [INFO] http_client: 代理协议已标准化: socks5:// -> socks5h://
04:00:46 [INFO] http_client: 代理协议已标准化: socks5:// -> socks5h://
04:00:46 [INFO] http_client: 代理协议已标准化: socks5:// -> socks5h://
04:00:46 [INFO] http_client: 代理协议已标准化: socks5:// -> socks5h://
04:00:46 [INFO] http_client: 代理协议已标准化: socks5:// -> socks5h://
04:00:47 [INFO] proxy_health: 健康检查完成: 9 正常 / 0 异常 / 0 移除（耗时 0.9s）
04:05:47 [INFO] http_client: 代理协议已标准化: socks5:// -> socks5h://
04:05:47 [INFO] http_client: 代理协议已标准化: socks5:// -> socks5h://
04:05:47 [INFO] http_client: 代理协议已标准化: socks5:// -> socks5h://
04:05:47 [INFO] http_client: 代理协议已标准化: socks5:// -> socks5h://
04:05:47 [INFO] http_client: 代理协议已标准化: socks5:// -> socks5h://
04:05:47 [INFO] http_client: 代理协议已标准化: socks5:// -> socks5h://
04:05:47 [INFO] http_client: 代理协议已标准化: socks5:// -> socks5h://
04:05:47 [INFO] http_client: 代理协议已标准化: socks5:// -> socks5h://
04:05:47 [INFO] http_client: 代理协议已标准化: socks5:// -> socks5h://
04:05:48 [INFO] proxy_health: 健康检查完成: 9 正常 / 0 异常 / 0 移除（耗时 0.9s）
04:10:48 [INFO] http_client: 代理协议已标准化: socks5:// -> socks5h://
04:10:48 [INFO] http_client: 代理协议已标准化: socks5:// -> socks5h://
04:10:48 [INFO] http_client: 代理协议已标准化: socks5:// -> socks5h://
04:10:48 [INFO] http_client: 代理协议已标准化: socks5:// -> socks5h://
04:10:48 [INFO] http_client: 代理协议已标准化: socks5:// -> socks5h://
04:10:48 [INFO] http_client: 代理协议已标准化: socks5:// -> socks5h://
04:10:48 [INFO] http_client: 代理协议已标准化: socks5:// -> socks5h://
04:10:48 [INFO] http_client: 代理协议已标准化: socks5:// -> socks5h://
04:10:48 [INFO] http_client: 代理协议已标准化: socks5:// -> socks5h://
04:10:49 [INFO] proxy_health: 健康检查完成: 9 正常 / 0 异常 / 0 移除（耗时 0.9s）
04:15:49 [INFO] http_client: 代理协议已标准化: socks5:// -> socks5h://
04:15:49 [INFO] http_client: 代理协议已标准化: socks5:// -> socks5h://
04:15:49 [INFO] http_client: 代理协议已标准化: socks5:// -> socks5h://
04:15:49 [INFO] http_client: 代理协议已标准化: socks5:// -> socks5h://
04:15:49 [INFO] http_client: 代理协议已标准化: socks5:// -> socks5h://
04:15:49 [INFO] http_client: 代理协议已标准化: socks5:// -> socks5h://
04:15:49 [INFO] http_client: 代理协议已标准化: socks5:// -> socks5h://
04:15:49 [INFO] http_client: 代理协议已标准化: socks5:// -> socks5h://
04:15:49 [INFO] http_client: 代理协议已标准化: socks5:// -> socks5h://
04:15:50 [INFO] proxy_health: 健康检查完成: 9 正常 / 0 异常 / 0 移除（耗时 0.9s）
04:20:50 [INFO] http_client: 代理协议已标准化: socks5:// -> socks5h://
04:20:50 [INFO] http_client: 代理协议已标准化: socks5:// -> socks5h://
04:20:50 [INFO] http_client: 代理协议已标准化: socks5:// -> socks5h://
04:20:50 [INFO] http_client: 代理协议已标准化: socks5:// -> socks5h://
04:20:50 [INFO] http_client: 代理协议已标准化: socks5:// -> socks5h://
04:20:50 [INFO] http_client: 代理协议已标准化: socks5:// -> socks5h://
04:20:50 [INFO] http_client: 代理协议已标准化: socks5:// -> socks5h://
04:20:50 [INFO] http_client: 代理协议已标准化: socks5:// -> socks5h://
04:20:50 [INFO] http_client: 代理协议已标准化: socks5:// -> socks5h://
04:20:51 [INFO] proxy_health: 健康检查完成: 9 正常 / 0 异常 / 0 移除（耗时 0.9s）
04:25:51 [INFO] http_client: 代理协议已标准化: socks5:// -> socks5h://
04:25:51 [INFO] http_client: 代理协议已标准化: socks5:// -> socks5h://
04:25:51 [INFO] http_client: 代理协议已标准化: socks5:// -> socks5h://
04:25:51 [INFO] http_client: 代理协议已标准化: socks5:// -> socks5h://
04:25:51 [INFO] http_client: 代理协议已标准化: socks5:// -> socks5h://
04:25:51 [INFO] http_client: 代理协议已标准化: socks5:// -> socks5h://
04:25:51 [INFO] http_client: 代理协议已标准化: socks5:// -> socks5h://
04:25:51 [INFO] http_client: 代理协议已标准化: socks5:// -> socks5h://
04:25:51 [INFO] http_client: 代理协议已标准化: socks5:// -> socks5h://
04:25:52 [INFO] proxy_health: 健康检查完成: 9 正常 / 0 异常 / 0 移除（耗时 0.9s）
04:30:52 [INFO] http_client: 代理协议已标准化: socks5:// -> socks5h://
04:30:52 [INFO] http_client: 代理协议已标准化: socks5:// -> socks5h://
04:30:52 [INFO] http_client: 代理协议已标准化: socks5:// -> socks5h://
04:30:52 [INFO] http_client: 代理协议已标准化: socks5:// -> socks5h://
04:30:52 [INFO] http_client: 代理协议已标准化: socks5:// -> socks5h://
04:30:52 [INFO] http_client: 代理协议已标准化: socks5:// -> socks5h://
04:30:52 [INFO] http_client: 代理协议已标准化: socks5:// -> socks5h://
04:30:52 [INFO] http_client: 代理协议已标准化: socks5:// -> socks5h://
04:30:52 [INFO] http_client: 代理协议已标准化: socks5:// -> socks5h://
04:30:53 [INFO] proxy_health: 健康检查完成: 9 正常 / 0 异常 / 0 移除（耗时 0.9s）
04:35:53 [INFO] http_client: 代理协议已标准化: socks5:// -> socks5h://
04:35:53 [INFO] http_client: 代理协议已标准化: socks5:// -> socks5h://
04:35:53 [INFO] http_client: 代理协议已标准化: socks5:// -> socks5h://
04:35:53 [INFO] http_client: 代理协议已标准化: socks5:// -> socks5h://
04:35:53 [INFO] http_client: 代理协议已标准化: socks5:// -> socks5h://
04:35:53 [INFO] http_client: 代理协议已标准化: socks5:// -> socks5h://
04:35:53 [INFO] http_client: 代理协议已标准化: socks5:// -> socks5h://
04:35:53 [INFO] http_client: 代理协议已标准化: socks5:// -> socks5h://
04:35:53 [INFO] http_client: 代理协议已标准化: socks5:// -> socks5h://
04:35:54 [INFO] proxy_health: 健康检查完成: 9 正常 / 0 异常 / 0 移除（耗时 0.9s）
04:40:54 [INFO] http_client: 代理协议已标准化: socks5:// -> socks5h://
04:40:54 [INFO] http_client: 代理协议已标准化: socks5:// -> socks5h://
04:40:54 [INFO] http_client: 代理协议已标准化: socks5:// -> socks5h://
04:40:54 [INFO] http_client: 代理协议已标准化: socks5:// -> socks5h://
04:40:54 [INFO] http_client: 代理协议已标准化: socks5:// -> socks5h://
04:40:54 [INFO] http_client: 代理协议已标准化: socks5:// -> socks5h://
04:40:54 [INFO] http_client: 代理协议已标准化: socks5:// -> socks5h://
04:40:54 [INFO] http_client: 代理协议已标准化: socks5:// -> socks5h://
04:40:54 [INFO] http_client: 代理协议已标准化: socks5:// -> socks5h://
04:40:54 [INFO] proxy_health: 健康检查完成: 9 正常 / 0 异常 / 0 移除（耗时 0.9s）
04:45:54 [INFO] http_client: 代理协议已标准化: socks5:// -> socks5h://
04:45:54 [INFO] http_client: 代理协议已标准化: socks5:// -> socks5h://
04:45:54 [INFO] http_client: 代理协议已标准化: socks5:// -> socks5h://
04:45:54 [INFO] http_client: 代理协议已标准化: socks5:// -> socks5h://
04:45:54 [INFO] http_client: 代理协议已标准化: socks5:// -> socks5h://
04:45:54 [INFO] http_client: 代理协议已标准化: socks5:// -> socks5h://
04:45:54 [INFO] http_client: 代理协议已标准化: socks5:// -> socks5h://
04:45:54 [INFO] http_client: 代理协议已标准化: socks5:// -> socks5h://
04:45:54 [INFO] http_client: 代理协议已标准化: socks5:// -> socks5h://
04:45:55 [INFO] proxy_health: 健康检查完成: 9 正常 / 0 异常 / 0 移除（耗时 0.9s）
04:50:55 [INFO] http_client: 代理协议已标准化: socks5:// -> socks5h://
04:50:55 [INFO] http_client: 代理协议已标准化: socks5:// -> socks5h://
04:50:55 [INFO] http_client: 代理协议已标准化: socks5:// -> socks5h://
04:50:55 [INFO] http_client: 代理协议已标准化: socks5:// -> socks5h://
04:50:55 [INFO] http_client: 代理协议已标准化: socks5:// -> socks5h://
04:50:55 [INFO] http_client: 代理协议已标准化: socks5:// -> socks5h://
04:50:55 [INFO] http_client: 代理协议已标准化: socks5:// -> socks5h://
04:50:55 [INFO] http_client: 代理协议已标准化: socks5:// -> socks5h://
04:50:55 [INFO] http_client: 代理协议已标准化: socks5:// -> socks5h://
04:50:56 [INFO] proxy_health: 健康检查完成: 9 正常 / 0 异常 / 0 移除（耗时 0.9s）
04:55:56 [INFO] http_client: 代理协议已标准化: socks5:// -> socks5h://
04:55:56 [INFO] http_client: 代理协议已标准化: socks5:// -> socks5h://
04:55:56 [INFO] http_client: 代理协议已标准化: socks5:// -> socks5h://
04:55:56 [INFO] http_client: 代理协议已标准化: socks5:// -> socks5h://
04:55:56 [INFO] http_client: 代理协议已标准化: socks5:// -> socks5h://
04:55:56 [INFO] http_client: 代理协议已标准化: socks5:// -> socks5h://
04:55:56 [INFO] http_client: 代理协议已标准化: socks5:// -> socks5h://
04:55:56 [INFO] http_client: 代理协议已标准化: socks5:// -> socks5h://
04:55:56 [INFO] http_client: 代理协议已标准化: socks5:// -> socks5h://
04:55:57 [INFO] proxy_health: 健康检查完成: 9 正常 / 0 异常 / 0 移除（耗时 1.1s）
05:00:57 [INFO] http_client: 代理协议已标准化: socks5:// -> socks5h://
05:00:57 [INFO] http_client: 代理协议已标准化: socks5:// -> socks5h://
05:00:57 [INFO] http_client: 代理协议已标准化: socks5:// -> socks5h://
05:00:57 [INFO] http_client: 代理协议已标准化: socks5:// -> socks5h://
05:00:57 [INFO] http_client: 代理协议已标准化: socks5:// -> socks5h://
05:00:57 [INFO] http_client: 代理协议已标准化: socks5:// -> socks5h://
05:00:57 [INFO] http_client: 代理协议已标准化: socks5:// -> socks5h://
05:00:57 [INFO] http_client: 代理协议已标准化: socks5:// -> socks5h://
05:00:57 [INFO] http_client: 代理协议已标准化: socks5:// -> socks5h://
05:00:58 [INFO] proxy_health: 健康检查完成: 9 正常 / 0 异常 / 0 移除（耗时 0.9s）
05:05:58 [INFO] http_client: 代理协议已标准化: socks5:// -> socks5h://
05:05:58 [INFO] http_client: 代理协议已标准化: socks5:// -> socks5h://
05:05:58 [INFO] http_client: 代理协议已标准化: socks5:// -> socks5h://
05:05:58 [INFO] http_client: 代理协议已标准化: socks5:// -> socks5h://
05:05:58 [INFO] http_client: 代理协议已标准化: socks5:// -> socks5h://
05:05:58 [INFO] http_client: 代理协议已标准化: socks5:// -> socks5h://
05:05:58 [INFO] http_client: 代理协议已标准化: socks5:// -> socks5h://
05:05:58 [INFO] http_client: 代理协议已标准化: socks5:// -> socks5h://
05:05:58 [INFO] http_client: 代理协议已标准化: socks5:// -> socks5h://
05:05:59 [INFO] proxy_health: 健康检查完成: 9 正常 / 0 异常 / 0 移除（耗时 0.9s）
05:10:59 [INFO] http_client: 代理协议已标准化: socks5:// -> socks5h://
05:10:59 [INFO] http_client: 代理协议已标准化: socks5:// -> socks5h://
05:10:59 [INFO] http_client: 代理协议已标准化: socks5:// -> socks5h://
05:10:59 [INFO] http_client: 代理协议已标准化: socks5:// -> socks5h://
05:10:59 [INFO] http_client: 代理协议已标准化: socks5:// -> socks5h://
05:10:59 [INFO] http_client: 代理协议已标准化: socks5:// -> socks5h://
05:10:59 [INFO] http_client: 代理协议已标准化: socks5:// -> socks5h://
05:10:59 [INFO] http_client: 代理协议已标准化: socks5:// -> socks5h://
05:10:59 [INFO] http_client: 代理协议已标准化: socks5:// -> socks5h://
05:11:00 [INFO] proxy_health: 健康检查完成: 9 正常 / 0 异常 / 0 移除（耗时 0.9s）
05:16:00 [INFO] http_client: 代理协议已标准化: socks5:// -> socks5h://
05:16:00 [INFO] http_client: 代理协议已标准化: socks5:// -> socks5h://
05:16:00 [INFO] http_client: 代理协议已标准化: socks5:// -> socks5h://
05:16:00 [INFO] http_client: 代理协议已标准化: socks5:// -> socks5h://
05:16:00 [INFO] http_client: 代理协议已标准化: socks5:// -> socks5h://
05:16:00 [INFO] http_client: 代理协议已标准化: socks5:// -> socks5h://
05:16:00 [INFO] http_client: 代理协议已标准化: socks5:// -> socks5h://
05:16:00 [INFO] http_client: 代理协议已标准化: socks5:// -> socks5h://
05:16:00 [INFO] http_client: 代理协议已标准化: socks5:// -> socks5h://
05:16:02 [INFO] proxy_health: 健康检查完成: 9 正常 / 0 异常 / 0 移除（耗时 2.1s）
05:21:02 [INFO] http_client: 代理协议已标准化: socks5:// -> socks5h://
05:21:02 [INFO] http_client: 代理协议已标准化: socks5:// -> socks5h://
05:21:02 [INFO] http_client: 代理协议已标准化: socks5:// -> socks5h://
05:21:02 [INFO] http_client: 代理协议已标准化: socks5:// -> socks5h://
05:21:02 [INFO] http_client: 代理协议已标准化: socks5:// -> socks5h://
05:21:02 [INFO] http_client: 代理协议已标准化: socks5:// -> socks5h://
05:21:02 [INFO] http_client: 代理协议已标准化: socks5:// -> socks5h://
05:21:02 [INFO] http_client: 代理协议已标准化: socks5:// -> socks5h://
05:21:02 [INFO] http_client: 代理协议已标准化: socks5:// -> socks5h://
05:21:03 [INFO] proxy_health: 健康检查完成: 9 正常 / 0 异常 / 0 移除（耗时 0.9s）
05:26:03 [INFO] http_client: 代理协议已标准化: socks5:// -> socks5h://
05:26:03 [INFO] http_client: 代理协议已标准化: socks5:// -> socks5h://
05:26:03 [INFO] http_client: 代理协议已标准化: socks5:// -> socks5h://
05:26:03 [INFO] http_client: 代理协议已标准化: socks5:// -> socks5h://
05:26:03 [INFO] http_client: 代理协议已标准化: socks5:// -> socks5h://
05:26:03 [INFO] http_client: 代理协议已标准化: socks5:// -> socks5h://
05:26:03 [INFO] http_client: 代理协议已标准化: socks5:// -> socks5h://
05:26:03 [INFO] http_client: 代理协议已标准化: socks5:// -> socks5h://
05:26:03 [INFO] http_client: 代理协议已标准化: socks5:// -> socks5h://
05:26:04 [INFO] proxy_health: 健康检查完成: 9 正常 / 0 异常 / 0 移除（耗时 1.1s）
05:31:04 [INFO] http_client: 代理协议已标准化: socks5:// -> socks5h://
05:31:04 [INFO] http_client: 代理协议已标准化: socks5:// -> socks5h://
05:31:04 [INFO] http_client: 代理协议已标准化: socks5:// -> socks5h://
05:31:04 [INFO] http_client: 代理协议已标准化: socks5:// -> socks5h://
05:31:04 [INFO] http_client: 代理协议已标准化: socks5:// -> socks5h://
05:31:04 [INFO] http_client: 代理协议已标准化: socks5:// -> socks5h://
05:31:04 [INFO] http_client: 代理协议已标准化: socks5:// -> socks5h://
05:31:04 [INFO] http_client: 代理协议已标准化: socks5:// -> socks5h://
05:31:04 [INFO] http_client: 代理协议已标准化: socks5:// -> socks5h://
05:31:05 [INFO] proxy_health: 健康检查完成: 9 正常 / 0 异常 / 0 移除（耗时 0.9s）
05:36:05 [INFO] http_client: 代理协议已标准化: socks5:// -> socks5h://
05:36:05 [INFO] http_client: 代理协议已标准化: socks5:// -> socks5h://
05:36:05 [INFO] http_client: 代理协议已标准化: socks5:// -> socks5h://
05:36:05 [INFO] http_client: 代理协议已标准化: socks5:// -> socks5h://
05:36:05 [INFO] http_client: 代理协议已标准化: socks5:// -> socks5h://
05:36:05 [INFO] http_client: 代理协议已标准化: socks5:// -> socks5h://
05:36:05 [INFO] http_client: 代理协议已标准化: socks5:// -> socks5h://
05:36:05 [INFO] http_client: 代理协议已标准化: socks5:// -> socks5h://
05:36:05 [INFO] http_client: 代理协议已标准化: socks5:// -> socks5h://
05:36:06 [INFO] proxy_health: 健康检查完成: 9 正常 / 0 异常 / 0 移除（耗时 0.9s）
05:41:06 [INFO] http_client: 代理协议已标准化: socks5:// -> socks5h://
05:41:06 [INFO] http_client: 代理协议已标准化: socks5:// -> socks5h://
05:41:06 [INFO] http_client: 代理协议已标准化: socks5:// -> socks5h://
05:41:06 [INFO] http_client: 代理协议已标准化: socks5:// -> socks5h://
05:41:06 [INFO] http_client: 代理协议已标准化: socks5:// -> socks5h://
05:41:06 [INFO] http_client: 代理协议已标准化: socks5:// -> socks5h://
05:41:06 [INFO] http_client: 代理协议已标准化: socks5:// -> socks5h://
05:41:06 [INFO] http_client: 代理协议已标准化: socks5:// -> socks5h://
05:41:06 [INFO] http_client: 代理协议已标准化: socks5:// -> socks5h://
05:41:07 [INFO] proxy_health: 健康检查完成: 9 正常 / 0 异常 / 0 移除（耗时 0.9s）
05:46:07 [INFO] http_client: 代理协议已标准化: socks5:// -> socks5h://
05:46:07 [INFO] http_client: 代理协议已标准化: socks5:// -> socks5h://
05:46:07 [INFO] http_client: 代理协议已标准化: socks5:// -> socks5h://
05:46:07 [INFO] http_client: 代理协议已标准化: socks5:// -> socks5h://
05:46:07 [INFO] http_client: 代理协议已标准化: socks5:// -> socks5h://
05:46:07 [INFO] http_client: 代理协议已标准化: socks5:// -> socks5h://
05:46:07 [INFO] http_client: 代理协议已标准化: socks5:// -> socks5h://
05:46:07 [INFO] http_client: 代理协议已标准化: socks5:// -> socks5h://
05:46:07 [INFO] http_client: 代理协议已标准化: socks5:// -> socks5h://
05:46:08 [INFO] proxy_health: 健康检查完成: 9 正常 / 0 异常 / 0 移除（耗时 0.9s）
05:51:08 [INFO] http_client: 代理协议已标准化: socks5:// -> socks5h://
05:51:08 [INFO] http_client: 代理协议已标准化: socks5:// -> socks5h://
05:51:08 [INFO] http_client: 代理协议已标准化: socks5:// -> socks5h://
05:51:08 [INFO] http_client: 代理协议已标准化: socks5:// -> socks5h://
05:51:08 [INFO] http_client: 代理协议已标准化: socks5:// -> socks5h://
05:51:08 [INFO] http_client: 代理协议已标准化: socks5:// -> socks5h://
05:51:08 [INFO] http_client: 代理协议已标准化: socks5:// -> socks5h://
05:51:08 [INFO] http_client: 代理协议已标准化: socks5:// -> socks5h://
05:51:08 [INFO] http_client: 代理协议已标准化: socks5:// -> socks5h://
05:51:08 [INFO] proxy_health: 健康检查完成: 9 正常 / 0 异常 / 0 移除（耗时 0.9s）
05:56:08 [INFO] http_client: 代理协议已标准化: socks5:// -> socks5h://
05:56:08 [INFO] http_client: 代理协议已标准化: socks5:// -> socks5h://
05:56:08 [INFO] http_client: 代理协议已标准化: socks5:// -> socks5h://
05:56:08 [INFO] http_client: 代理协议已标准化: socks5:// -> socks5h://
05:56:08 [INFO] http_client: 代理协议已标准化: socks5:// -> socks5h://
05:56:08 [INFO] http_client: 代理协议已标准化: socks5:// -> socks5h://
05:56:08 [INFO] http_client: 代理协议已标准化: socks5:// -> socks5h://
05:56:08 [INFO] http_client: 代理协议已标准化: socks5:// -> socks5h://
05:56:08 [INFO] http_client: 代理协议已标准化: socks5:// -> socks5h://
05:56:09 [INFO] proxy_health: 健康检查完成: 9 正常 / 0 异常 / 0 移除（耗时 0.9s）
06:01:09 [INFO] http_client: 代理协议已标准化: socks5:// -> socks5h://
06:01:09 [INFO] http_client: 代理协议已标准化: socks5:// -> socks5h://
06:01:09 [INFO] http_client: 代理协议已标准化: socks5:// -> socks5h://
06:01:09 [INFO] http_client: 代理协议已标准化: socks5:// -> socks5h://
06:01:09 [INFO] http_client: 代理协议已标准化: socks5:// -> socks5h://
06:01:09 [INFO] http_client: 代理协议已标准化: socks5:// -> socks5h://
06:01:09 [INFO] http_client: 代理协议已标准化: socks5:// -> socks5h://
06:01:09 [INFO] http_client: 代理协议已标准化: socks5:// -> socks5h://
06:01:09 [INFO] http_client: 代理协议已标准化: socks5:// -> socks5h://
06:01:10 [INFO] proxy_health: 健康检查完成: 9 正常 / 0 异常 / 0 移除（耗时 0.9s）
06:06:10 [INFO] http_client: 代理协议已标准化: socks5:// -> socks5h://
06:06:10 [INFO] http_client: 代理协议已标准化: socks5:// -> socks5h://
06:06:10 [INFO] http_client: 代理协议已标准化: socks5:// -> socks5h://
06:06:10 [INFO] http_client: 代理协议已标准化: socks5:// -> socks5h://
06:06:10 [INFO] http_client: 代理协议已标准化: socks5:// -> socks5h://
06:06:10 [INFO] http_client: 代理协议已标准化: socks5:// -> socks5h://
06:06:10 [INFO] http_client: 代理协议已标准化: socks5:// -> socks5h://
06:06:10 [INFO] http_client: 代理协议已标准化: socks5:// -> socks5h://
06:06:10 [INFO] http_client: 代理协议已标准化: socks5:// -> socks5h://
06:06:11 [INFO] proxy_health: 健康检查完成: 9 正常 / 0 异常 / 0 移除（耗时 0.9s）
06:11:11 [INFO] http_client: 代理协议已标准化: socks5:// -> socks5h://
06:11:11 [INFO] http_client: 代理协议已标准化: socks5:// -> socks5h://
06:11:11 [INFO] http_client: 代理协议已标准化: socks5:// -> socks5h://
06:11:11 [INFO] http_client: 代理协议已标准化: socks5:// -> socks5h://
06:11:11 [INFO] http_client: 代理协议已标准化: socks5:// -> socks5h://
06:11:11 [INFO] http_client: 代理协议已标准化: socks5:// -> socks5h://
06:11:11 [INFO] http_client: 代理协议已标准化: socks5:// -> socks5h://
06:11:11 [INFO] http_client: 代理协议已标准化: socks5:// -> socks5h://
06:11:11 [INFO] http_client: 代理协议已标准化: socks5:// -> socks5h://
06:11:12 [INFO] proxy_health: 健康检查完成: 9 正常 / 0 异常 / 0 移除（耗时 0.9s）
06:16:12 [INFO] http_client: 代理协议已标准化: socks5:// -> socks5h://
06:16:12 [INFO] http_client: 代理协议已标准化: socks5:// -> socks5h://
06:16:12 [INFO] http_client: 代理协议已标准化: socks5:// -> socks5h://
06:16:12 [INFO] http_client: 代理协议已标准化: socks5:// -> socks5h://
06:16:12 [INFO] http_client: 代理协议已标准化: socks5:// -> socks5h://
06:16:12 [INFO] http_client: 代理协议已标准化: socks5:// -> socks5h://
06:16:12 [INFO] http_client: 代理协议已标准化: socks5:// -> socks5h://
06:16:12 [INFO] http_client: 代理协议已标准化: socks5:// -> socks5h://
06:16:12 [INFO] http_client: 代理协议已标准化: socks5:// -> socks5h://
06:16:13 [INFO] proxy_health: 健康检查完成: 9 正常 / 0 异常 / 0 移除（耗时 1.0s）
06:21:13 [INFO] http_client: 代理协议已标准化: socks5:// -> socks5h://
06:21:13 [INFO] http_client: 代理协议已标准化: socks5:// -> socks5h://
06:21:13 [INFO] http_client: 代理协议已标准化: socks5:// -> socks5h://
06:21:13 [INFO] http_client: 代理协议已标准化: socks5:// -> socks5h://
06:21:13 [INFO] http_client: 代理协议已标准化: socks5:// -> socks5h://
06:21:13 [INFO] http_client: 代理协议已标准化: socks5:// -> socks5h://
06:21:13 [INFO] http_client: 代理协议已标准化: socks5:// -> socks5h://
06:21:13 [INFO] http_client: 代理协议已标准化: socks5:// -> socks5h://
06:21:13 [INFO] http_client: 代理协议已标准化: socks5:// -> socks5h://
06:21:14 [INFO] proxy_health: 健康检查完成: 9 正常 / 0 异常 / 0 移除（耗时 0.9s）
06:26:14 [INFO] http_client: 代理协议已标准化: socks5:// -> socks5h://
06:26:14 [INFO] http_client: 代理协议已标准化: socks5:// -> socks5h://
06:26:14 [INFO] http_client: 代理协议已标准化: socks5:// -> socks5h://
06:26:14 [INFO] http_client: 代理协议已标准化: socks5:// -> socks5h://
06:26:14 [INFO] http_client: 代理协议已标准化: socks5:// -> socks5h://
06:26:14 [INFO] http_client: 代理协议已标准化: socks5:// -> socks5h://
06:26:14 [INFO] http_client: 代理协议已标准化: socks5:// -> socks5h://
06:26:14 [INFO] http_client: 代理协议已标准化: socks5:// -> socks5h://
06:26:14 [INFO] http_client: 代理协议已标准化: socks5:// -> socks5h://
06:26:15 [INFO] proxy_health: 健康检查完成: 9 正常 / 0 异常 / 0 移除（耗时 0.9s）
06:31:15 [INFO] http_client: 代理协议已标准化: socks5:// -> socks5h://
06:31:15 [INFO] http_client: 代理协议已标准化: socks5:// -> socks5h://
06:31:15 [INFO] http_client: 代理协议已标准化: socks5:// -> socks5h://
06:31:15 [INFO] http_client: 代理协议已标准化: socks5:// -> socks5h://
06:31:15 [INFO] http_client: 代理协议已标准化: socks5:// -> socks5h://
06:31:15 [INFO] http_client: 代理协议已标准化: socks5:// -> socks5h://
06:31:15 [INFO] http_client: 代理协议已标准化: socks5:// -> socks5h://
06:31:15 [INFO] http_client: 代理协议已标准化: socks5:// -> socks5h://
06:31:15 [INFO] http_client: 代理协议已标准化: socks5:// -> socks5h://
06:31:16 [INFO] proxy_health: 健康检查完成: 9 正常 / 0 异常 / 0 移除（耗时 0.9s）
06:36:16 [INFO] http_client: 代理协议已标准化: socks5:// -> socks5h://
06:36:16 [INFO] http_client: 代理协议已标准化: socks5:// -> socks5h://
06:36:16 [INFO] http_client: 代理协议已标准化: socks5:// -> socks5h://
06:36:16 [INFO] http_client: 代理协议已标准化: socks5:// -> socks5h://
06:36:16 [INFO] http_client: 代理协议已标准化: socks5:// -> socks5h://
06:36:16 [INFO] http_client: 代理协议已标准化: socks5:// -> socks5h://
06:36:16 [INFO] http_client: 代理协议已标准化: socks5:// -> socks5h://
06:36:16 [INFO] http_client: 代理协议已标准化: socks5:// -> socks5h://
06:36:16 [INFO] http_client: 代理协议已标准化: socks5:// -> socks5h://
06:36:17 [INFO] proxy_health: 健康检查完成: 9 正常 / 0 异常 / 0 移除（耗时 0.9s）
06:41:17 [INFO] http_client: 代理协议已标准化: socks5:// -> socks5h://
06:41:17 [INFO] http_client: 代理协议已标准化: socks5:// -> socks5h://
06:41:17 [INFO] http_client: 代理协议已标准化: socks5:// -> socks5h://
06:41:17 [INFO] http_client: 代理协议已标准化: socks5:// -> socks5h://
06:41:17 [INFO] http_client: 代理协议已标准化: socks5:// -> socks5h://
06:41:17 [INFO] http_client: 代理协议已标准化: socks5:// -> socks5h://
06:41:17 [INFO] http_client: 代理协议已标准化: socks5:// -> socks5h://
06:41:17 [INFO] http_client: 代理协议已标准化: socks5:// -> socks5h://
06:41:17 [INFO] http_client: 代理协议已标准化: socks5:// -> socks5h://
06:41:17 [INFO] proxy_health: 健康检查完成: 9 正常 / 0 异常 / 0 移除（耗时 0.9s）
06:46:17 [INFO] http_client: 代理协议已标准化: socks5:// -> socks5h://
06:46:17 [INFO] http_client: 代理协议已标准化: socks5:// -> socks5h://
06:46:17 [INFO] http_client: 代理协议已标准化: socks5:// -> socks5h://
06:46:17 [INFO] http_client: 代理协议已标准化: socks5:// -> socks5h://
06:46:17 [INFO] http_client: 代理协议已标准化: socks5:// -> socks5h://
06:46:17 [INFO] http_client: 代理协议已标准化: socks5:// -> socks5h://
06:46:17 [INFO] http_client: 代理协议已标准化: socks5:// -> socks5h://
06:46:17 [INFO] http_client: 代理协议已标准化: socks5:// -> socks5h://
06:46:17 [INFO] http_client: 代理协议已标准化: socks5:// -> socks5h://
06:46:18 [INFO] proxy_health: 健康检查完成: 9 正常 / 0 异常 / 0 移除（耗时 0.9s）
06:51:18 [INFO] http_client: 代理协议已标准化: socks5:// -> socks5h://
06:51:18 [INFO] http_client: 代理协议已标准化: socks5:// -> socks5h://
06:51:18 [INFO] http_client: 代理协议已标准化: socks5:// -> socks5h://
06:51:18 [INFO] http_client: 代理协议已标准化: socks5:// -> socks5h://
06:51:18 [INFO] http_client: 代理协议已标准化: socks5:// -> socks5h://
06:51:18 [INFO] http_client: 代理协议已标准化: socks5:// -> socks5h://
06:51:18 [INFO] http_client: 代理协议已标准化: socks5:// -> socks5h://
06:51:18 [INFO] http_client: 代理协议已标准化: socks5:// -> socks5h://
06:51:18 [INFO] http_client: 代理协议已标准化: socks5:// -> socks5h://
06:51:19 [INFO] proxy_health: 健康检查完成: 9 正常 / 0 异常 / 0 移除（耗时 0.9s）
06:56:19 [INFO] http_client: 代理协议已标准化: socks5:// -> socks5h://
06:56:19 [INFO] http_client: 代理协议已标准化: socks5:// -> socks5h://
06:56:19 [INFO] http_client: 代理协议已标准化: socks5:// -> socks5h://
06:56:19 [INFO] http_client: 代理协议已标准化: socks5:// -> socks5h://
06:56:19 [INFO] http_client: 代理协议已标准化: socks5:// -> socks5h://
06:56:19 [INFO] http_client: 代理协议已标准化: socks5:// -> socks5h://
06:56:19 [INFO] http_client: 代理协议已标准化: socks5:// -> socks5h://
06:56:19 [INFO] http_client: 代理协议已标准化: socks5:// -> socks5h://
06:56:19 [INFO] http_client: 代理协议已标准化: socks5:// -> socks5h://
06:56:20 [INFO] proxy_health: 健康检查完成: 9 正常 / 0 异常 / 0 移除（耗时 0.9s）
07:01:20 [INFO] http_client: 代理协议已标准化: socks5:// -> socks5h://
07:01:20 [INFO] http_client: 代理协议已标准化: socks5:// -> socks5h://
07:01:20 [INFO] http_client: 代理协议已标准化: socks5:// -> socks5h://
07:01:20 [INFO] http_client: 代理协议已标准化: socks5:// -> socks5h://
07:01:20 [INFO] http_client: 代理协议已标准化: socks5:// -> socks5h://
07:01:20 [INFO] http_client: 代理协议已标准化: socks5:// -> socks5h://
07:01:20 [INFO] http_client: 代理协议已标准化: socks5:// -> socks5h://
07:01:20 [INFO] http_client: 代理协议已标准化: socks5:// -> socks5h://
07:01:20 [INFO] http_client: 代理协议已标准化: socks5:// -> socks5h://
07:01:24 [INFO] proxy_health: 健康检查完成: 9 正常 / 0 异常 / 0 移除（耗时 3.5s）
07:06:24 [INFO] http_client: 代理协议已标准化: socks5:// -> socks5h://
07:06:24 [INFO] http_client: 代理协议已标准化: socks5:// -> socks5h://
07:06:24 [INFO] http_client: 代理协议已标准化: socks5:// -> socks5h://
07:06:24 [INFO] http_client: 代理协议已标准化: socks5:// -> socks5h://
07:06:24 [INFO] http_client: 代理协议已标准化: socks5:// -> socks5h://
07:06:24 [INFO] http_client: 代理协议已标准化: socks5:// -> socks5h://
07:06:24 [INFO] http_client: 代理协议已标准化: socks5:// -> socks5h://
07:06:24 [INFO] http_client: 代理协议已标准化: socks5:// -> socks5h://
07:06:24 [INFO] http_client: 代理协议已标准化: socks5:// -> socks5h://
07:06:24 [INFO] proxy_health: 健康检查完成: 9 正常 / 0 异常 / 0 移除（耗时 0.9s）
07:11:24 [INFO] http_client: 代理协议已标准化: socks5:// -> socks5h://
07:11:24 [INFO] http_client: 代理协议已标准化: socks5:// -> socks5h://
07:11:24 [INFO] http_client: 代理协议已标准化: socks5:// -> socks5h://
07:11:24 [INFO] http_client: 代理协议已标准化: socks5:// -> socks5h://
07:11:24 [INFO] http_client: 代理协议已标准化: socks5:// -> socks5h://
07:11:24 [INFO] http_client: 代理协议已标准化: socks5:// -> socks5h://
07:11:24 [INFO] http_client: 代理协议已标准化: socks5:// -> socks5h://
07:11:24 [INFO] http_client: 代理协议已标准化: socks5:// -> socks5h://
07:11:24 [INFO] http_client: 代理协议已标准化: socks5:// -> socks5h://
07:11:25 [INFO] proxy_health: 健康检查完成: 9 正常 / 0 异常 / 0 移除（耗时 0.9s）
07:16:25 [INFO] http_client: 代理协议已标准化: socks5:// -> socks5h://
07:16:25 [INFO] http_client: 代理协议已标准化: socks5:// -> socks5h://
07:16:25 [INFO] http_client: 代理协议已标准化: socks5:// -> socks5h://
07:16:25 [INFO] http_client: 代理协议已标准化: socks5:// -> socks5h://
07:16:25 [INFO] http_client: 代理协议已标准化: socks5:// -> socks5h://
07:16:25 [INFO] http_client: 代理协议已标准化: socks5:// -> socks5h://
07:16:25 [INFO] http_client: 代理协议已标准化: socks5:// -> socks5h://
07:16:25 [INFO] http_client: 代理协议已标准化: socks5:// -> socks5h://
07:16:25 [INFO] http_client: 代理协议已标准化: socks5:// -> socks5h://
07:16:26 [INFO] proxy_health: 健康检查完成: 9 正常 / 0 异常 / 0 移除（耗时 0.9s）
07:21:26 [INFO] http_client: 代理协议已标准化: socks5:// -> socks5h://
07:21:26 [INFO] http_client: 代理协议已标准化: socks5:// -> socks5h://
07:21:26 [INFO] http_client: 代理协议已标准化: socks5:// -> socks5h://
07:21:26 [INFO] http_client: 代理协议已标准化: socks5:// -> socks5h://
07:21:26 [INFO] http_client: 代理协议已标准化: socks5:// -> socks5h://
07:21:26 [INFO] http_client: 代理协议已标准化: socks5:// -> socks5h://
07:21:26 [INFO] http_client: 代理协议已标准化: socks5:// -> socks5h://
07:21:26 [INFO] http_client: 代理协议已标准化: socks5:// -> socks5h://
07:21:26 [INFO] http_client: 代理协议已标准化: socks5:// -> socks5h://
07:21:27 [INFO] proxy_health: 健康检查完成: 9 正常 / 0 异常 / 0 移除（耗时 1.1s）
07:26:27 [INFO] http_client: 代理协议已标准化: socks5:// -> socks5h://
07:26:27 [INFO] http_client: 代理协议已标准化: socks5:// -> socks5h://
07:26:27 [INFO] http_client: 代理协议已标准化: socks5:// -> socks5h://
07:26:27 [INFO] http_client: 代理协议已标准化: socks5:// -> socks5h://
07:26:27 [INFO] http_client: 代理协议已标准化: socks5:// -> socks5h://
07:26:27 [INFO] http_client: 代理协议已标准化: socks5:// -> socks5h://
07:26:27 [INFO] http_client: 代理协议已标准化: socks5:// -> socks5h://
07:26:27 [INFO] http_client: 代理协议已标准化: socks5:// -> socks5h://
07:26:27 [INFO] http_client: 代理协议已标准化: socks5:// -> socks5h://
07:26:28 [INFO] proxy_health: 健康检查完成: 9 正常 / 0 异常 / 0 移除（耗时 0.9s）
07:31:28 [INFO] http_client: 代理协议已标准化: socks5:// -> socks5h://
07:31:28 [INFO] http_client: 代理协议已标准化: socks5:// -> socks5h://
07:31:28 [INFO] http_client: 代理协议已标准化: socks5:// -> socks5h://
07:31:28 [INFO] http_client: 代理协议已标准化: socks5:// -> socks5h://
07:31:28 [INFO] http_client: 代理协议已标准化: socks5:// -> socks5h://
07:31:28 [INFO] http_client: 代理协议已标准化: socks5:// -> socks5h://
07:31:28 [INFO] http_client: 代理协议已标准化: socks5:// -> socks5h://
07:31:28 [INFO] http_client: 代理协议已标准化: socks5:// -> socks5h://
07:31:28 [INFO] http_client: 代理协议已标准化: socks5:// -> socks5h://
07:31:29 [INFO] proxy_health: 健康检查完成: 9 正常 / 0 异常 / 0 移除（耗时 0.9s）
07:36:29 [INFO] http_client: 代理协议已标准化: socks5:// -> socks5h://
07:36:29 [INFO] http_client: 代理协议已标准化: socks5:// -> socks5h://
07:36:29 [INFO] http_client: 代理协议已标准化: socks5:// -> socks5h://
07:36:29 [INFO] http_client: 代理协议已标准化: socks5:// -> socks5h://
07:36:29 [INFO] http_client: 代理协议已标准化: socks5:// -> socks5h://
07:36:29 [INFO] http_client: 代理协议已标准化: socks5:// -> socks5h://
07:36:29 [INFO] http_client: 代理协议已标准化: socks5:// -> socks5h://
07:36:29 [INFO] http_client: 代理协议已标准化: socks5:// -> socks5h://
07:36:29 [INFO] http_client: 代理协议已标准化: socks5:// -> socks5h://
07:36:30 [INFO] proxy_health: 健康检查完成: 9 正常 / 0 异常 / 0 移除（耗时 1.0s）
07:41:30 [INFO] http_client: 代理协议已标准化: socks5:// -> socks5h://
07:41:30 [INFO] http_client: 代理协议已标准化: socks5:// -> socks5h://
07:41:30 [INFO] http_client: 代理协议已标准化: socks5:// -> socks5h://
07:41:30 [INFO] http_client: 代理协议已标准化: socks5:// -> socks5h://
07:41:30 [INFO] http_client: 代理协议已标准化: socks5:// -> socks5h://
07:41:30 [INFO] http_client: 代理协议已标准化: socks5:// -> socks5h://
07:41:30 [INFO] http_client: 代理协议已标准化: socks5:// -> socks5h://
07:41:30 [INFO] http_client: 代理协议已标准化: socks5:// -> socks5h://
07:41:30 [INFO] http_client: 代理协议已标准化: socks5:// -> socks5h://
07:41:31 [INFO] proxy_health: 健康检查完成: 9 正常 / 0 异常 / 0 移除（耗时 0.9s）
07:46:31 [INFO] http_client: 代理协议已标准化: socks5:// -> socks5h://
07:46:31 [INFO] http_client: 代理协议已标准化: socks5:// -> socks5h://
07:46:31 [INFO] http_client: 代理协议已标准化: socks5:// -> socks5h://
07:46:31 [INFO] http_client: 代理协议已标准化: socks5:// -> socks5h://
07:46:31 [INFO] http_client: 代理协议已标准化: socks5:// -> socks5h://
07:46:31 [INFO] http_client: 代理协议已标准化: socks5:// -> socks5h://
07:46:31 [INFO] http_client: 代理协议已标准化: socks5:// -> socks5h://
07:46:31 [INFO] http_client: 代理协议已标准化: socks5:// -> socks5h://
07:46:31 [INFO] http_client: 代理协议已标准化: socks5:// -> socks5h://
07:46:32 [INFO] proxy_health: 健康检查完成: 9 正常 / 0 异常 / 0 移除（耗时 0.9s）
07:51:32 [INFO] http_client: 代理协议已标准化: socks5:// -> socks5h://
07:51:32 [INFO] http_client: 代理协议已标准化: socks5:// -> socks5h://
07:51:32 [INFO] http_client: 代理协议已标准化: socks5:// -> socks5h://
07:51:32 [INFO] http_client: 代理协议已标准化: socks5:// -> socks5h://
07:51:32 [INFO] http_client: 代理协议已标准化: socks5:// -> socks5h://
07:51:32 [INFO] http_client: 代理协议已标准化: socks5:// -> socks5h://
07:51:32 [INFO] http_client: 代理协议已标准化: socks5:// -> socks5h://
07:51:32 [INFO] http_client: 代理协议已标准化: socks5:// -> socks5h://
07:51:32 [INFO] http_client: 代理协议已标准化: socks5:// -> socks5h://
07:51:33 [INFO] proxy_health: 健康检查完成: 9 正常 / 0 异常 / 0 移除（耗时 0.9s）
07:56:33 [INFO] http_client: 代理协议已标准化: socks5:// -> socks5h://
07:56:33 [INFO] http_client: 代理协议已标准化: socks5:// -> socks5h://
07:56:33 [INFO] http_client: 代理协议已标准化: socks5:// -> socks5h://
07:56:33 [INFO] http_client: 代理协议已标准化: socks5:// -> socks5h://
07:56:33 [INFO] http_client: 代理协议已标准化: socks5:// -> socks5h://
07:56:33 [INFO] http_client: 代理协议已标准化: socks5:// -> socks5h://
07:56:33 [INFO] http_client: 代理协议已标准化: socks5:// -> socks5h://
07:56:33 [INFO] http_client: 代理协议已标准化: socks5:// -> socks5h://
07:56:33 [INFO] http_client: 代理协议已标准化: socks5:// -> socks5h://
07:56:33 [INFO] proxy_health: 健康检查完成: 9 正常 / 0 异常 / 0 移除（耗时 0.9s）
08:01:33 [INFO] http_client: 代理协议已标准化: socks5:// -> socks5h://
08:01:33 [INFO] http_client: 代理协议已标准化: socks5:// -> socks5h://
08:01:33 [INFO] http_client: 代理协议已标准化: socks5:// -> socks5h://
08:01:33 [INFO] http_client: 代理协议已标准化: socks5:// -> socks5h://
08:01:33 [INFO] http_client: 代理协议已标准化: socks5:// -> socks5h://
08:01:33 [INFO] http_client: 代理协议已标准化: socks5:// -> socks5h://
08:01:33 [INFO] http_client: 代理协议已标准化: socks5:// -> socks5h://
08:01:33 [INFO] http_client: 代理协议已标准化: socks5:// -> socks5h://
08:01:33 [INFO] http_client: 代理协议已标准化: socks5:// -> socks5h://
08:01:34 [INFO] proxy_health: 健康检查完成: 9 正常 / 0 异常 / 0 移除（耗时 0.9s）
08:06:34 [INFO] http_client: 代理协议已标准化: socks5:// -> socks5h://
08:06:34 [INFO] http_client: 代理协议已标准化: socks5:// -> socks5h://
08:06:34 [INFO] http_client: 代理协议已标准化: socks5:// -> socks5h://
08:06:34 [INFO] http_client: 代理协议已标准化: socks5:// -> socks5h://
08:06:34 [INFO] http_client: 代理协议已标准化: socks5:// -> socks5h://
08:06:34 [INFO] http_client: 代理协议已标准化: socks5:// -> socks5h://
08:06:34 [INFO] http_client: 代理协议已标准化: socks5:// -> socks5h://
08:06:34 [INFO] http_client: 代理协议已标准化: socks5:// -> socks5h://
08:06:34 [INFO] http_client: 代理协议已标准化: socks5:// -> socks5h://
08:06:35 [INFO] proxy_health: 健康检查完成: 9 正常 / 0 异常 / 0 移除（耗时 0.9s）
08:11:38 [INFO] http_client: 代理协议已标准化: socks5:// -> socks5h://
08:11:39 [INFO] http_client: 代理协议已标准化: socks5:// -> socks5h://
08:11:39 [INFO] http_client: 代理协议已标准化: socks5:// -> socks5h://
08:11:39 [INFO] http_client: 代理协议已标准化: socks5:// -> socks5h://
08:11:39 [INFO] http_client: 代理协议已标准化: socks5:// -> socks5h://
08:11:38 [INFO] http_client: 代理协议已标准化: socks5:// -> socks5h://
08:11:39 [INFO] http_client: 代理协议已标准化: socks5:// -> socks5h://
08:11:39 [INFO] http_client: 代理协议已标准化: socks5:// -> socks5h://
08:11:39 [INFO] http_client: 代理协议已标准化: socks5:// -> socks5h://
08:11:58 [INFO] proxy_health: 健康检查完成: 0 正常 / 9 异常 / 0 移除（耗时 22.6s）
08:16:59 [INFO] http_client: 代理协议已标准化: socks5:// -> socks5h://
08:16:59 [INFO] http_client: 代理协议已标准化: socks5:// -> socks5h://
08:16:59 [INFO] http_client: 代理协议已标准化: socks5:// -> socks5h://
08:16:59 [INFO] http_client: 代理协议已标准化: socks5:// -> socks5h://
08:16:59 [INFO] http_client: 代理协议已标准化: socks5:// -> socks5h://
08:16:59 [INFO] http_client: 代理协议已标准化: socks5:// -> socks5h://
08:16:59 [INFO] http_client: 代理协议已标准化: socks5:// -> socks5h://
08:16:59 [INFO] http_client: 代理协议已标准化: socks5:// -> socks5h://
08:16:59 [INFO] http_client: 代理协议已标准化: socks5:// -> socks5h://
08:17:00 [INFO] proxy_health: 健康检查完成: 9 正常 / 0 异常 / 0 移除（耗时 0.9s）
08:22:00 [INFO] http_client: 代理协议已标准化: socks5:// -> socks5h://
08:22:00 [INFO] http_client: 代理协议已标准化: socks5:// -> socks5h://
08:22:00 [INFO] http_client: 代理协议已标准化: socks5:// -> socks5h://
08:22:00 [INFO] http_client: 代理协议已标准化: socks5:// -> socks5h://
08:22:00 [INFO] http_client: 代理协议已标准化: socks5:// -> socks5h://
08:22:00 [INFO] http_client: 代理协议已标准化: socks5:// -> socks5h://
08:22:00 [INFO] http_client: 代理协议已标准化: socks5:// -> socks5h://
08:22:00 [INFO] http_client: 代理协议已标准化: socks5:// -> socks5h://
08:22:00 [INFO] http_client: 代理协议已标准化: socks5:// -> socks5h://
08:22:01 [INFO] proxy_health: 健康检查完成: 9 正常 / 0 异常 / 0 移除（耗时 0.9s）
INFO:     Shutting down
INFO:     Waiting for application shutdown.
INFO:     Application shutdown complete.
INFO:     Finished server process [1089291]
